Frame,Car_Count,Truck_Count,Bike_Count,Bus_Count,2_Wheeler_Count,3_Wheeler_Count,4_Wheeler_Count,6_Wheeler_Count,Other_Vehicles,Avg_Speed_kmh,Time_To_Cross_sec,Total_Vehicles,Total Vehicles,Vehicle Density,City
0,0.0,1.0,0.0,0.0,0.0,0.0,1.0,0.0,0.0,0.9230752907212292,0.0,14,0.6666666666666666,0.6666666666666666,Kakinada
1,0.0,0.0,0.0,1.0,0.0,0.0,0.0,1.0,0.0,0.6875638055794897,0.0005558643690939,14,0.0,0.0,Rajahmundry
2,0.0,0.0,0.0,0.0,0.0,0.0,0.0,0.0,0.7000000000000001,0.157373127718259,0.0011117287381878,14,0.6666666666666666,0.6666666666666666,Vizag
3,0.0,0.0,0.0,0.0,0.0,0.0,0.0,0.0,0.7000000000000001,0.2296359044665701,0.0016675931072818,14,0.6666666666666666,0.6666666666666666,Bengaluru
4,0.0,0.0,0.0,0.0,0.0,0.0,0.0,0.0,0.7000000000000001,0.4596101194199951,0.0022234574763757,14,0.6666666666666666,0.6666666666666666,Kakinada
5,1.0,0.0,0.0,0.0,0.0,0.0,0.0714285714285714,0.0,0.65,0.6105169306251765,0.0027793218454697,14,0.6666666666666666,0.6666666666666666,Samalkot
6,0.0,0.0,0.0,0.0,0.0,0.0,0.0,0.0,0.6000000000000001,0.0464594052818216,0.0033351862145636,12,0.5714285714285714,0.5714285714285713,Vizag
7,0.0,0.0,0.0,0.0,0.0,0.0,0.0,0.0,0.6000000000000001,0.2368843003864775,0.0038910505836575,12,0.5714285714285714,0.5714285714285713,Bengaluru
8,0.0,0.0,0.0,0.0,0.0,0.0,0.0,0.0,0.6000000000000001,0.2653958905759583,0.0044469149527515,12,0.5714285714285714,0.5714285714285713,Samalkot
9,0.0,0.0714285714285714,0.0,0.0,0.0,0.0,0.0714285714285714,0.0,0.6000000000000001,0.2129983388494807,0.0050027793218454,13,0.6190476190476191,0.619047619047619,Vizag
10,0.0,0.0,0.0,0.0714285714285714,0.0,0.0,0.0,0.0714285714285714,0.6000000000000001,0.504673139461165,0.0055586436909394,13,0.5714285714285714,0.5714285714285713,Kakinada
11,0.0,0.0714285714285714,0.0,0.0,0.0,0.0,0.0714285714285714,0.0,0.6000000000000001,0.9705611574666492,0.0061145080600333,13,0.6190476190476191,0.619047619047619,Vizag
12,0.0,0.0,0.0,0.0714285714285714,0.0,0.0,0.0,0.0714285714285714,0.6000000000000001,0.7874507409074798,0.0066703724291272,13,0.5714285714285714,0.5714285714285713,Hyderabad
13,0.0,0.0,0.0,0.0,0.0,0.0,0.0,0.0,0.65,0.3322667076869199,0.0072262367982212,13,0.6190476190476191,0.619047619047619,Kakinada
14,0.0,0.0,0.0,0.0,0.0,0.0,0.0,0.0,0.65,0.7405161739168014,0.0077821011673151,13,0.6190476190476191,0.619047619047619,Bengaluru
15,0.0,0.0,0.0,0.0,0.0,0.0,0.0,0.0,0.65,0.5362060003551026,0.0083379655364091,13,0.6190476190476191,0.619047619047619,Rajahmundry
16,0.0,0.0,0.0,0.0,0.0,0.0,0.0,0.0,0.65,0.0959356473632135,0.008893829905503,13,0.6190476190476191,0.619047619047619,Bengaluru
17,0.0,0.0,0.0,0.0,0.0,0.0,0.0,0.0,0.65,0.3769261455020642,0.0094496942745969,13,0.6190476190476191,0.619047619047619,Vijayawada
18,0.0,0.0,0.0,0.0,0.0,0.0,0.0,0.0,0.65,0.9013757708694072,0.0100055586436909,13,0.6190476190476191,0.619047619047619,Kakinada
19,0.0,0.0,0.0,0.0,0.0,0.0,0.0,0.0,0.65,0.8781850666499551,0.0105614230127848,13,0.6190476190476191,0.619047619047619,Vizag
20,0.0,0.0,0.0,0.0,0.0,0.0,0.0,0.0,0.65,0.6202527454495141,0.0111172873818788,13,0.6190476190476191,0.619047619047619,Rajahmundry
21,0.0,0.0,0.0,0.0,0.0,0.0,0.0,0.0,0.6000000000000001,0.3442733480546325,0.0116731517509727,12,0.5714285714285714,0.5714285714285713,Rajahmundry
22,0.0,0.0714285714285714,0.0,0.0,0.0,0.0,0.0714285714285714,0.0,0.6000000000000001,0.2544728545745784,0.0122290161200667,13,0.6190476190476191,0.619047619047619,Bengaluru
23,0.0,0.0714285714285714,0.0,0.0714285714285714,0.0,0.0,0.0714285714285714,0.0714285714285714,0.6000000000000001,0.6725684022562357,0.0127848804891606,14,0.6190476190476191,0.619047619047619,Samalkot
24,0.0,0.0,0.0,0.0714285714285714,0.0,0.0,0.0,0.0714285714285714,0.65,0.4519190832677859,0.0133407448582545,14,0.6190476190476191,0.619047619047619,Rajahmundry
25,0.0,0.0714285714285714,0.0,0.0,0.0,0.0,0.0714285714285714,0.0,0.7000000000000001,0.2077612070987935,0.0138966092273485,15,0.7142857142857142,0.7142857142857142,Samalkot
26,0.0,0.0,0.0,0.0714285714285714,0.0,0.0,0.0,0.0714285714285714,0.7000000000000001,0.9511791431027156,0.0144524735964424,15,0.6666666666666666,0.6666666666666666,Kakinada
27,0.0,0.0,0.0,0.0,0.0,0.0,0.0,0.0,0.75,0.7695952089910543,0.0150083379655364,15,0.7142857142857142,0.7142857142857142,Kakinada
28,0.0,0.0,0.0,0.0,0.0,0.0,0.0,0.0,0.7000000000000001,0.9709180425216776,0.0155642023346303,14,0.6666666666666666,0.6666666666666666,Rajahmundry
29,0.0,0.0,0.0,0.0,0.0,0.0,0.0,0.0,0.7000000000000001,0.2978188268676109,0.0161200667037242,14,0.6666666666666666,0.6666666666666666,Rajahmundry
30,0.0,0.0,0.0,0.0,0.0,0.0,0.0,0.0,0.7000000000000001,0.1130658507013275,0.0166759310728182,14,0.6666666666666666,0.6666666666666666,Vizag
31,0.0,0.0,0.0,0.0,0.0,0.0,0.0,0.0,0.7000000000000001,0.700049846117538,0.0172317954419121,14,0.6666666666666666,0.6666666666666666,Vijayawada
32,0.0,0.0,0.0,0.0,0.0,0.0,0.0,0.0,0.7000000000000001,0.9604742163297136,0.0177876598110061,14,0.6666666666666666,0.6666666666666666,Vijayawada
33,0.0,0.0,0.0,0.0,0.0,0.0,0.0,0.0,0.7000000000000001,0.4398993392969552,0.0183435241801,14,0.6666666666666666,0.6666666666666666,Kakinada
34,0.0,0.0,0.0,0.0,0.0,0.0,0.0,0.0,0.65,0.4148869804395059,0.0188993885491939,13,0.6190476190476191,0.619047619047619,Vizag
35,0.0,0.0714285714285714,0.0,0.0,0.0,0.0,0.0714285714285714,0.0,0.65,0.0463339168462382,0.0194552529182879,14,0.6666666666666666,0.6666666666666666,Kakinada
36,0.0,0.0,0.0,0.0714285714285714,0.0,0.0,0.0,0.0714285714285714,0.6000000000000001,0.4850275331034424,0.0200111172873818,13,0.5714285714285714,0.5714285714285713,Bengaluru
37,0.0,0.0,0.0,0.0,0.0,0.0,0.0,0.0,0.65,0.9171621127478108,0.0205669816564758,13,0.6190476190476191,0.619047619047619,Hyderabad
38,0.0,0.0714285714285714,0.0,0.0,0.0,0.0,0.0714285714285714,0.0,0.65,0.9587972382583512,0.0211228460255697,14,0.6666666666666666,0.6666666666666666,Rajahmundry
39,0.0,0.0714285714285714,0.0,0.0714285714285714,0.0,0.0,0.0714285714285714,0.0714285714285714,0.65,0.6843446119192567,0.0216787103946637,15,0.6666666666666666,0.6666666666666666,Kakinada
40,0.0,0.0,0.0,0.0714285714285714,0.0,0.0,0.0,0.0714285714285714,0.7000000000000001,0.7168877764440895,0.0222345747637576,15,0.6666666666666666,0.6666666666666666,Rajahmundry
41,0.0,0.0,0.0,0.0,0.0,0.0,0.0,0.0,0.7000000000000001,0.4430409897934351,0.0227904391328515,14,0.6666666666666666,0.6666666666666666,Kakinada
42,0.0,0.0,0.0,0.0,0.0,0.0,0.0,0.0,0.7000000000000001,0.1904171563377055,0.0233463035019455,14,0.6666666666666666,0.6666666666666666,Hyderabad
43,0.0,0.0,0.0,0.0,0.0,0.0,0.0,0.0,0.7000000000000001,0.9286510950502822,0.0239021678710394,14,0.6666666666666666,0.6666666666666666,Hyderabad
44,0.0,0.0,0.0,0.0,0.0,0.0,0.0,0.0,0.7000000000000001,0.1886238776463953,0.0244580322401334,14,0.6666666666666666,0.6666666666666666,Samalkot
45,0.0,0.0,0.0,0.0,0.0,0.0,0.0,0.0,0.7000000000000001,0.5801355328408857,0.0250138966092273,14,0.6666666666666666,0.6666666666666666,Samalkot
46,0.0,0.0,0.0,0.0,0.0,0.0,0.0,0.0,0.7000000000000001,0.1746128423677801,0.0255697609783212,14,0.6666666666666666,0.6666666666666666,Bengaluru
47,0.0,0.0,0.0,0.0,0.0,0.0,0.0,0.0,0.7000000000000001,0.4316113633707339,0.0261256253474152,14,0.6666666666666666,0.6666666666666666,Kakinada
48,0.0,0.0,0.0,0.0,0.0,0.0,0.0,0.0,0.7000000000000001,0.4011464550459145,0.0266814897165091,14,0.6666666666666666,0.6666666666666666,Vizag
49,0.0,0.0,0.0,0.0,0.0,0.0,0.0,0.0,0.7000000000000001,0.5570365240938044,0.0272373540856031,14,0.6666666666666666,0.6666666666666666,Hyderabad
50,0.0,0.0,0.0,0.0,0.0,0.0,0.0,0.0,0.7000000000000001,0.4403839245740135,0.027793218454697,14,0.6666666666666666,0.6666666666666666,Vizag
51,0.0,0.0,0.0,0.0,0.0,0.0,0.0,0.0,0.7000000000000001,0.4862033265719652,0.0283490828237909,14,0.6666666666666666,0.6666666666666666,Rajahmundry
52,0.0,0.0,0.0,0.0,0.0,0.0,0.0,0.0,0.7000000000000001,0.4564027076596466,0.0289049471928849,14,0.6666666666666666,0.6666666666666666,Vizag
53,0.0,0.0,0.0,0.0,0.0,0.0,0.0,0.0,0.7000000000000001,0.7869107282483014,0.0294608115619788,14,0.6666666666666666,0.6666666666666666,Samalkot
54,0.0,0.0,0.0,0.0,0.0,0.0,0.0,0.0,0.65,0.7369240848525611,0.0300166759310728,13,0.6190476190476191,0.619047619047619,Bengaluru
55,0.0,0.0,0.0,0.0,0.0,0.0,0.0,0.0,0.65,0.3657913034616213,0.0305725403001667,13,0.6190476190476191,0.619047619047619,Vizag
56,0.0,0.1428571428571428,0.0,0.0,0.0,0.0,0.1428571428571428,0.0,0.65,0.1410572155057892,0.0311284046692607,15,0.7142857142857142,0.7142857142857142,Kakinada
57,0.0,0.0,0.0,0.1428571428571428,0.0,0.0,0.0,0.1428571428571428,0.65,0.6792100980716445,0.0316842690383546,15,0.6190476190476191,0.619047619047619,Samalkot
58,0.0,0.0,0.0,0.0,0.0,0.0,0.0,0.0,0.75,0.4614512191452624,0.0322401334074485,15,0.7142857142857142,0.7142857142857142,Rajahmundry
59,0.0,0.0,0.0,0.0,0.0,0.0,0.0,0.0,0.7000000000000001,0.0920330443000623,0.0327959977765425,14,0.6666666666666666,0.6666666666666666,Vizag
60,0.0,0.0,0.0,0.0,0.0,0.0,0.0,0.0,0.7000000000000001,0.5172533235397279,0.0333518621456364,14,0.6666666666666666,0.6666666666666666,Vizag
61,0.0,0.0,0.0,0.0,0.0,0.0,0.0,0.0,0.7000000000000001,0.1670170954002841,0.0339077265147304,14,0.6666666666666666,0.6666666666666666,Hyderabad
62,0.0,0.0,0.0,0.0,0.0,0.0,0.0,0.0,0.7000000000000001,0.9246233483295104,0.0344635908838243,14,0.6666666666666666,0.6666666666666666,Kakinada
63,0.0,0.0,0.0,0.0,0.0,0.0,0.0,0.0,0.7000000000000001,0.91454930987571,0.0350194552529182,14,0.6666666666666666,0.6666666666666666,Hyderabad
64,0.0,0.0,0.0,0.0,0.0,0.0,0.0,0.0,0.7000000000000001,0.9893045697080542,0.0355753196220122,14,0.6666666666666666,0.6666666666666666,Rajahmundry
65,0.0,0.0,0.0,0.0,0.0,0.0,0.0,0.0,0.7000000000000001,0.995829921262759,0.0361311839911061,14,0.6666666666666666,0.6666666666666666,Kakinada
66,0.0,0.0,0.0,0.0,0.0,0.0,0.0,0.0,0.7000000000000001,0.2370960834010176,0.0366870483602001,14,0.6666666666666666,0.6666666666666666,Kakinada
67,0.0,0.0714285714285714,0.0,0.0,0.0,0.0,0.0714285714285714,0.0,0.7000000000000001,0.5604867238625475,0.037242912729294,15,0.7142857142857142,0.7142857142857142,Kakinada
68,0.0,0.0714285714285714,0.0,0.0714285714285714,0.0,0.0,0.0714285714285714,0.0714285714285714,0.7000000000000001,0.6940458329540584,0.0377987770983879,16,0.7142857142857142,0.7142857142857142,Vijayawada
69,0.0,0.0,0.0,0.0714285714285714,0.0,0.0,0.0,0.0714285714285714,0.65,0.4675291272025739,0.0383546414674819,14,0.6190476190476191,0.619047619047619,Vijayawada
70,0.0,0.0,0.0,0.0,0.0,0.0,0.0,0.0,0.7000000000000001,0.0662366158763352,0.0389105058365758,14,0.6666666666666666,0.6666666666666666,Vizag
71,0.0,0.0714285714285714,0.0,0.0,0.0,0.0,0.0714285714285714,0.0,0.7000000000000001,0.2871450447723651,0.0394663702056698,15,0.7142857142857142,0.7142857142857142,Vizag
72,0.0,0.0,0.0,0.0714285714285714,0.0,0.0,0.0,0.0714285714285714,0.7000000000000001,0.6575358632349702,0.0400222345747637,15,0.6666666666666666,0.6666666666666666,Samalkot
73,0.0,0.0,0.0,0.0,0.0,0.0,0.0,0.0,0.75,0.4530328166153425,0.0405780989438576,15,0.7142857142857142,0.7142857142857142,Kakinada
74,0.0,0.0,0.0,0.0,0.0,0.0,0.0,0.0,0.75,0.5221099515170584,0.0411339633129516,15,0.7142857142857142,0.7142857142857142,Rajahmundry
75,0.0,0.0,0.0,0.0,0.0,0.0,0.0,0.0,0.75,0.3293562497618452,0.0416898276820455,15,0.7142857142857142,0.7142857142857142,Samalkot
76,0.0,0.0,0.0,0.0,0.0,0.0,0.0,0.0,0.75,0.7024759189222247,0.0422456920511395,15,0.7142857142857142,0.7142857142857142,Kakinada
77,0.0,0.0,0.0,0.0,0.0,0.0,0.0,0.0,0.75,0.0771093906921205,0.0428015564202334,15,0.7142857142857142,0.7142857142857142,Bengaluru
78,0.0,0.0,0.0,0.0,0.0,0.0,0.0,0.0,0.75,0.6779927111603223,0.0433574207893274,15,0.7142857142857142,0.7142857142857142,Rajahmundry
79,0.0,0.0,0.0,0.0,0.0,0.0,0.0,0.0,0.75,0.6175797946931052,0.0439132851584213,15,0.7142857142857142,0.7142857142857142,Rajahmundry
80,0.0,0.0,0.0,0.0,0.0,0.0,0.0,0.0,0.75,0.9628392608842722,0.0444691495275152,15,0.7142857142857142,0.7142857142857142,Vizag
81,0.0,0.0,0.0,0.0,0.0,0.0,0.0,0.0,0.75,0.6008419397426683,0.0450250138966092,15,0.7142857142857142,0.7142857142857142,Bengaluru
82,0.0,0.0,0.0,0.0,0.0,0.0,0.0,0.0,0.75,0.0158797977562179,0.0455808782657031,15,0.7142857142857142,0.7142857142857142,Bengaluru
83,0.0,0.0,0.0,0.0,0.0,0.0,0.0,0.0,0.7000000000000001,0.405449268449199,0.0461367426347971,14,0.6666666666666666,0.6666666666666666,Vijayawada
84,0.0,0.0,0.0,0.0,0.0,0.0,0.0,0.0,0.65,0.3311126785212326,0.046692607003891,13,0.6190476190476191,0.619047619047619,Hyderabad
85,0.0,0.0,0.0,0.0,0.0,0.0,0.0,0.0,0.65,0.6973090658012211,0.0472484713729849,13,0.6190476190476191,0.619047619047619,Samalkot
86,0.0,0.0714285714285714,0.0,0.0,0.0,0.0,0.0714285714285714,0.0,0.65,0.557470799986316,0.0478043357420789,14,0.6666666666666666,0.6666666666666666,Samalkot
87,0.0,0.0,0.0,0.0,0.0,0.0,0.0,0.0,0.65,0.3212860560304067,0.0483602001111728,13,0.6190476190476191,0.619047619047619,Samalkot
88,0.0,0.0,0.0,0.0,0.0,0.0,0.0,0.0,0.65,0.2973130025428723,0.0489160644802668,13,0.6190476190476191,0.619047619047619,Samalkot
89,0.0,0.0,0.0,0.0,0.0,0.0,0.0,0.0,0.65,0.8314554728509727,0.0494719288493607,13,0.6190476190476191,0.619047619047619,Samalkot
90,0.0,0.0,0.0,0.0,0.0,0.0,0.0,0.0,0.65,0.3194280377709406,0.0500277932184547,13,0.6190476190476191,0.619047619047619,Kakinada
91,0.0,0.0,0.0,0.0,0.0,0.0,0.0,0.0,0.65,0.8438194915494817,0.0505836575875486,13,0.6190476190476191,0.619047619047619,Samalkot
92,0.0,0.0,0.0,0.0,0.0,0.0,0.0,0.0,0.65,0.623819314108736,0.0511395219566425,13,0.6190476190476191,0.619047619047619,Samalkot
93,0.0,0.0,0.0,0.0,0.0,0.0,0.0,0.0,0.65,0.1120498617636085,0.0516953863257365,13,0.6190476190476191,0.619047619047619,Vizag
94,0.0,0.0,0.0,0.0,0.0,0.0,0.0,0.0,0.65,0.8391817925239609,0.0522512506948304,13,0.6190476190476191,0.619047619047619,Rajahmundry
95,0.0,0.0,0.0,0.0,0.0,0.0,0.0,0.0,0.65,0.3381286314859983,0.0528071150639244,13,0.6190476190476191,0.619047619047619,Samalkot
96,0.0,0.0,0.0,0.0,0.0,0.0,0.0,0.0,0.65,0.7688978987646287,0.0533629794330183,13,0.6190476190476191,0.619047619047619,Rajahmundry
97,0.0,0.0,0.0,0.0,0.0,0.0,0.0,0.0,0.65,0.7451532934456788,0.0539188438021122,13,0.6190476190476191,0.619047619047619,Bengaluru
98,0.0,0.0,0.0,0.0,0.0,0.0,0.0,0.0,0.65,0.5745163051652811,0.0544747081712062,13,0.6190476190476191,0.619047619047619,Hyderabad
99,0.0,0.0,0.0,0.0,0.0,0.0,0.0,0.0,0.65,0.3856980426344456,0.0550305725403001,13,0.6190476190476191,0.619047619047619,Samalkot
100,0.0,0.0,0.0,0.0,0.0,0.0,0.0,0.0,0.6000000000000001,0.3024428798306942,0.0555864369093941,12,0.5714285714285714,0.5714285714285713,Hyderabad
101,0.0,0.0,0.0,0.0,0.0,0.0,0.0,0.0,0.6000000000000001,0.9031768919528538,0.056142301278488,12,0.5714285714285714,0.5714285714285713,Hyderabad
102,0.0,0.0,0.0,0.0,0.0,0.0,0.0,0.0,0.6000000000000001,0.1439854389061614,0.0566981656475819,12,0.5714285714285714,0.5714285714285713,Hyderabad
103,0.0,0.0,0.0,0.0,0.0,0.0,0.0,0.0,0.6000000000000001,0.2667864979978238,0.0572540300166759,12,0.5714285714285714,0.5714285714285713,Vijayawada
104,0.0,0.0,0.0,0.0,0.0,0.0,0.0,0.0,0.6000000000000001,0.3835940514612552,0.0578098943857698,12,0.5714285714285714,0.5714285714285713,Rajahmundry
105,0.0,0.0,0.0,0.0,0.0,0.0,0.0,0.0,0.6000000000000001,0.657596724053906,0.0583657587548638,12,0.5714285714285714,0.5714285714285713,Rajahmundry
106,0.0,0.0,0.0,0.0,0.0,0.0,0.0,0.0,0.6000000000000001,0.2550796015548886,0.0589216231239577,12,0.5714285714285714,0.5714285714285713,Hyderabad
107,0.0,0.0,0.0,0.0,0.0,0.0,0.0,0.0,0.6000000000000001,0.1226325710557214,0.0594774874930516,12,0.5714285714285714,0.5714285714285713,Rajahmundry
108,0.0,0.0,0.0,0.0,0.0,0.0,0.0,0.0,0.55,0.3840912314840097,0.0600333518621456,11,0.5238095238095237,0.5238095238095237,Kakinada
109,0.0,0.0,0.0,0.0,0.0,0.0,0.0,0.0,0.55,0.639820218185881,0.0605892162312395,11,0.5238095238095237,0.5238095238095237,Vijayawada
110,0.0,0.0,0.0,0.0,0.0,0.0,0.0,0.0,0.55,0.631202488912203,0.0611450806003335,11,0.5238095238095237,0.5238095238095237,Bengaluru
111,0.0,0.0,0.0,0.0,0.0,0.0,0.0,0.0,0.55,0.5768246696543127,0.0617009449694274,11,0.5238095238095237,0.5238095238095237,Bengaluru
112,0.0,0.0,0.0,0.0,0.0,0.0,0.0,0.0,0.55,0.5218497840669609,0.0622568093385213,11,0.5238095238095237,0.5238095238095237,Vijayawada
113,0.0,0.0,0.0,0.0,0.0,0.0,0.0,0.0,0.55,0.0396667765298954,0.0628126737076153,11,0.5238095238095237,0.5238095238095237,Samalkot
114,0.0,0.0,0.0,0.0,0.0,0.0,0.0,0.0,0.55,0.263491998136665,0.0633685380767092,11,0.5238095238095237,0.5238095238095237,Hyderabad
115,0.0,0.0,0.0,0.0,0.0,0.0,0.0,0.0,0.55,0.3444155032557512,0.0639244024458032,11,0.5238095238095237,0.5238095238095237,Vijayawada
116,0.0,0.0,0.0,0.0,0.0,0.0,0.0,0.0,0.5,0.3314062463275335,0.0644802668148971,10,0.4761904761904761,0.4761904761904761,Vijayawada
117,0.0,0.0,0.0,0.0,0.0,0.0,0.0,0.0,0.5,0.9712974064383912,0.0650361311839911,10,0.4761904761904761,0.4761904761904761,Vijayawada
118,0.0,0.0714285714285714,0.0,0.0,0.0,0.0,0.0714285714285714,0.0,0.5,0.8038077081485411,0.065591995553085,11,0.5238095238095237,0.5238095238095237,Rajahmundry
119,0.0,0.0714285714285714,0.0,0.0714285714285714,0.0,0.0,0.0714285714285714,0.0714285714285714,0.5,0.1105451664088601,0.0661478599221789,12,0.5238095238095237,0.5238095238095237,Vijayawada
120,0.0,0.1428571428571428,0.0,0.0714285714285714,0.0,0.0,0.1428571428571428,0.0714285714285714,0.5,0.4023241702280968,0.0667037242912729,13,0.5714285714285714,0.5714285714285713,Bengaluru
121,0.0,0.0,0.0,0.1428571428571428,0.0,0.0,0.0,0.1428571428571428,0.55,0.4357955254057382,0.0672595886603668,13,0.5238095238095237,0.5238095238095237,Hyderabad
122,0.0,0.0,0.0,0.0,0.0,0.0,0.0,0.0,0.6000000000000001,0.5324792193834134,0.0678154530294608,12,0.5714285714285714,0.5714285714285713,Samalkot
123,0.0,0.0,0.0,0.0,0.0,0.0,0.0,0.0,0.6000000000000001,0.5207080367738346,0.0683713173985547,12,0.5714285714285714,0.5714285714285713,Vijayawada
124,0.0,0.0,0.0,0.0,0.0,0.0,0.0,0.0,0.6000000000000001,0.768931134668092,0.0689271817676486,12,0.5714285714285714,0.5714285714285713,Vizag
125,0.0,0.0,0.0,0.0,0.0,0.0,0.0,0.0,0.6000000000000001,0.4015156475302615,0.0694830461367426,12,0.5714285714285714,0.5714285714285713,Kakinada
126,0.0,0.0,0.0,0.0,0.0,0.0,0.0,0.0,0.6000000000000001,0.1793038608693937,0.0700389105058365,12,0.5714285714285714,0.5714285714285713,Vizag
127,0.0,0.0,0.0,0.0,0.0,0.0,0.0,0.0,0.6000000000000001,0.4081941495523919,0.0705947748749305,12,0.5714285714285714,0.5714285714285713,Vijayawada
128,0.0,0.0,0.0,0.0,0.0,0.0,0.0,0.0,0.6000000000000001,0.1160482967118146,0.0711506392440244,12,0.5714285714285714,0.5714285714285713,Kakinada
129,0.0,0.0,0.0,0.0,0.0,0.0,0.0,0.0,0.6000000000000001,0.4307130293786345,0.0717065036131184,12,0.5714285714285714,0.5714285714285713,Kakinada
130,0.0,0.0,0.0,0.0,0.0,0.0,0.0,0.0,0.6000000000000001,0.3973893816048968,0.0722623679822123,12,0.5714285714285714,0.5714285714285713,Kakinada
131,0.0,0.0,0.0,0.0,0.0,0.0,0.0,0.0,0.6000000000000001,0.905345363355794,0.0728182323513062,12,0.5714285714285714,0.5714285714285713,Vizag
132,0.0,0.0,0.0,0.0,0.0,0.0,0.0,0.0,0.6000000000000001,0.5740598614690697,0.0733740967204002,12,0.5714285714285714,0.5714285714285713,Kakinada
133,0.0,0.0,0.0,0.0,0.0,0.0,0.0,0.0,0.55,0.8425335371142393,0.0739299610894941,11,0.5238095238095237,0.5238095238095237,Samalkot
134,0.0,0.0714285714285714,0.0,0.0,0.0,0.0,0.0714285714285714,0.0,0.5,0.0962387683498684,0.0744858254585881,11,0.5238095238095237,0.5238095238095237,Rajahmundry
135,0.0,0.0,0.0,0.0714285714285714,0.0,0.0,0.0,0.0714285714285714,0.5,0.7955928797219249,0.075041689827682,11,0.4761904761904761,0.4761904761904761,Bengaluru
136,0.0,0.0,0.0,0.0,0.0,0.0,0.0,0.0,0.55,0.4612094371525892,0.0755975541967759,11,0.5238095238095237,0.5238095238095237,Hyderabad
137,0.0,0.0,0.0,0.0,0.0,0.0,0.0,0.0,0.55,0.1335671452905922,0.0761534185658699,11,0.5238095238095237,0.5238095238095237,Vijayawada
138,0.0,0.0,0.0,0.0,0.0,0.0,0.0,0.0,0.55,0.3745624795562337,0.0767092829349638,11,0.5238095238095237,0.5238095238095237,Vijayawada
139,0.0,0.0,0.0,0.0,0.0,0.0,0.0,0.0,0.55,0.7620367653212132,0.0772651473040578,11,0.5238095238095237,0.5238095238095237,Vizag
140,0.0,0.0,0.0,0.0,0.0,0.0,0.0,0.0,0.55,0.265417770991895,0.0778210116731517,11,0.5238095238095237,0.5238095238095237,Samalkot
141,0.0,0.0,0.0,0.0,0.0,0.0,0.0,0.0,0.55,0.3877334396915899,0.0783768760422456,11,0.5238095238095237,0.5238095238095237,Bengaluru
142,0.0,0.0,0.0,0.0,0.0,0.0,0.0,0.0,0.55,0.5346531688756877,0.0789327404113396,11,0.5238095238095237,0.5238095238095237,Samalkot
143,0.0,0.0,0.0,0.0,0.0,0.0,0.0,0.0,0.55,0.690781048041818,0.0794886047804335,11,0.5238095238095237,0.5238095238095237,Kakinada
144,0.0,0.0714285714285714,0.0,0.0,0.0,0.0,0.0714285714285714,0.0,0.55,0.1520271007542435,0.0800444691495275,12,0.5714285714285714,0.5714285714285713,Rajahmundry
145,0.0,0.0,0.0,0.0714285714285714,0.0,0.0,0.0,0.0714285714285714,0.55,0.2651659385383784,0.0806003335186214,12,0.5238095238095237,0.5238095238095237,Vizag
146,0.0,0.0,0.0,0.0,0.0,0.0,0.0,0.0,0.6000000000000001,0.4059142233615793,0.0811561978877153,12,0.5714285714285714,0.5714285714285713,Hyderabad
147,0.0,0.0,0.0,0.0,0.0,0.0,0.0,0.0,0.6000000000000001,0.8184520383168536,0.0817120622568093,12,0.5714285714285714,0.5714285714285713,Samalkot
148,0.0,0.0,0.0,0.0,0.0,0.0,0.0,0.0,0.6000000000000001,0.9038776516808072,0.0822679266259032,12,0.5714285714285714,0.5714285714285713,Rajahmundry
149,0.0,0.0,0.0,0.0,0.0,0.0,0.0,0.0,0.6000000000000001,0.8035400838914335,0.0828237909949972,12,0.5714285714285714,0.5714285714285713,Samalkot
150,0.0,0.0,0.0,0.0,0.0,0.0,0.0,0.0,0.6000000000000001,0.7222701768746975,0.0833796553640911,12,0.5714285714285714,0.5714285714285713,Bengaluru
151,0.0,0.0,0.0,0.0,0.0,0.0,0.0,0.0,0.6000000000000001,0.860434189252604,0.0839355197331851,12,0.5714285714285714,0.5714285714285713,Vijayawada
152,0.0,0.0,0.0,0.0,0.0,0.0,0.0,0.0,0.6000000000000001,0.4568362623246667,0.084491384102279,12,0.5714285714285714,0.5714285714285713,Vijayawada
153,0.0,0.0,0.0,0.0,0.0,0.0,0.0,0.0,0.55,0.9101672244751002,0.0850472484713729,11,0.5238095238095237,0.5238095238095237,Bengaluru
154,0.0,0.0,0.0,0.0,0.0,0.0,0.0,0.0,0.55,0.4582362250326566,0.0856031128404669,11,0.5238095238095237,0.5238095238095237,Hyderabad
155,0.0,0.0,0.0,0.0,0.0,0.0,0.0,0.0,0.55,0.5519720848586591,0.0861589772095608,11,0.5238095238095237,0.5238095238095237,Rajahmundry
156,0.0,0.0,0.0,0.0,0.0,0.0,0.0,0.0,0.55,0.7790926589741227,0.0867148415786548,11,0.5238095238095237,0.5238095238095237,Hyderabad
157,0.0,0.0,0.0,0.0,0.0,0.0,0.0,0.0,0.55,0.4911602545334543,0.0872707059477487,11,0.5238095238095237,0.5238095238095237,Vizag
158,0.0,0.0,0.0,0.0,0.0,0.0,0.0,0.0,0.55,0.5326260658672766,0.0878265703168426,11,0.5238095238095237,0.5238095238095237,Rajahmundry
159,0.0,0.0,0.0,0.0,0.0,0.0,0.0,0.0,0.5,0.3368987102827756,0.0883824346859366,10,0.4761904761904761,0.4761904761904761,Hyderabad
160,0.0,0.0714285714285714,0.0,0.0,0.0,0.0,0.0714285714285714,0.0,0.5,0.8263582150502737,0.0889382990550305,11,0.5238095238095237,0.5238095238095237,Hyderabad
161,0.0,0.0,0.0,0.0714285714285714,0.0,0.0,0.0,0.0714285714285714,0.5,0.1579328515022242,0.0894941634241245,11,0.4761904761904761,0.4761904761904761,Kakinada
162,0.0,0.0,0.0,0.0,0.0,0.0,0.0,0.0,0.55,0.6840000803283439,0.0900500277932184,11,0.5238095238095237,0.5238095238095237,Rajahmundry
163,0.0,0.0,0.0,0.0,0.0,0.0,0.0,0.0,0.55,0.6636970892477942,0.0906058921623124,11,0.5238095238095237,0.5238095238095237,Vizag
164,0.0,0.0,0.0,0.0,0.0,0.0,0.0,0.0,0.55,0.2978415835695687,0.0911617565314063,11,0.5238095238095237,0.5238095238095237,Hyderabad
165,0.0,0.0,0.0,0.0,0.0,0.0,0.0,0.0,0.55,0.910231977225704,0.0917176209005002,11,0.5238095238095237,0.5238095238095237,Kakinada
166,0.0,0.0,0.0,0.0,0.0,0.0,0.0,0.0,0.55,0.0871012951501768,0.0922734852695942,11,0.5238095238095237,0.5238095238095237,Hyderabad
167,0.0,0.0,0.0,0.0,0.0,0.0,0.0,0.0,0.55,0.2259648353681858,0.0928293496386881,11,0.5238095238095237,0.5238095238095237,Hyderabad
168,0.0,0.0,0.0,0.0,0.0,0.0,0.0,0.0,0.55,0.9531636059720738,0.093385214007782,11,0.5238095238095237,0.5238095238095237,Vijayawada
169,0.0,0.0,0.0,0.0,0.0,0.0,0.0,0.0,0.55,0.7215671179252523,0.093941078376876,11,0.5238095238095237,0.5238095238095237,Hyderabad
170,0.0,0.0,0.0,0.0,0.0,0.0,0.0,0.0,0.55,0.6427227664699426,0.0944969427459699,11,0.5238095238095237,0.5238095238095237,Vijayawada
171,0.0,0.0,0.0,0.0,0.0,0.0,0.0,0.0,0.55,0.2501334325286739,0.0950528071150639,11,0.5238095238095237,0.5238095238095237,Samalkot
172,0.0,0.0,0.0,0.0,0.0,0.0,0.0,0.0,0.55,0.6965213803738672,0.0956086714841578,11,0.5238095238095237,0.5238095238095237,Hyderabad
173,1.0,0.0,0.0,0.0,0.0,0.0,0.0714285714285714,0.0,0.5,0.0136090435051334,0.0961645358532518,11,0.5238095238095237,0.5238095238095237,Kakinada
174,0.0,0.0,0.0,0.0,0.0,0.0,0.0,0.0,0.45,0.9017665198530872,0.0967204002223457,9,0.4285714285714285,0.4285714285714285,Kakinada
175,0.0,0.0,0.0,0.0,0.0,0.0,0.0,0.0,0.45,0.7485209274538969,0.0972762645914396,9,0.4285714285714285,0.4285714285714285,Vijayawada
176,0.0,0.0,0.0,0.0,0.0,0.0,0.0,0.0,0.45,0.4573796202036624,0.0978321289605336,9,0.4285714285714285,0.4285714285714285,Hyderabad
177,0.0,0.0,0.0,0.0,0.0,0.0,0.0,0.0,0.45,0.1370622752146004,0.0983879933296275,9,0.4285714285714285,0.4285714285714285,Rajahmundry
178,0.0,0.0,0.0,0.0,0.0,0.0,0.0,0.0,0.45,0.9361071063252822,0.0989438576987215,9,0.4285714285714285,0.4285714285714285,Vijayawada
179,0.0,0.0,0.0,0.0,0.0,0.0,0.0,0.0,0.45,0.0455373886892236,0.0994997220678154,9,0.4285714285714285,0.4285714285714285,Hyderabad
180,0.0,0.0,0.0,0.0,0.0,0.0,0.0,0.0,0.45,0.9615601263381096,0.1000555864369094,9,0.4285714285714285,0.4285714285714285,Vizag
181,0.0,0.0,0.0,0.0,0.0,0.0,0.0,0.0,0.45,0.8331184128592073,0.1006114508060033,9,0.4285714285714285,0.4285714285714285,Samalkot
182,0.0,0.0,0.0,0.0,0.0,0.0,0.0,0.0,0.45,0.7485830853771263,0.1011673151750972,9,0.4285714285714285,0.4285714285714285,Kakinada
183,0.0,0.0,0.0,0.0,0.0,0.0,0.0,0.0,0.45,0.9437714845542204,0.1017231795441912,9,0.4285714285714285,0.4285714285714285,Hyderabad
184,0.0,0.0714285714285714,0.0,0.0,0.0,0.0,0.0714285714285714,0.0,0.45,0.5616703612985467,0.1022790439132851,10,0.4761904761904761,0.4761904761904761,Kakinada
185,0.0,0.0,0.0,0.0714285714285714,0.0,0.0,0.0,0.0714285714285714,0.45,0.2647874862822128,0.1028349082823791,10,0.4285714285714285,0.4285714285714285,Bengaluru
186,0.0,0.0,0.0,0.0,0.0,0.0,0.0,0.0,0.45,0.653327686545851,0.103390772651473,9,0.4285714285714285,0.4285714285714285,Bengaluru
187,0.0,0.0,0.0,0.0,0.0,0.0,0.0,0.0,0.45,0.1316485811904335,0.1039466370205669,9,0.4285714285714285,0.4285714285714285,Rajahmundry
188,0.0,0.0,0.0,0.0,0.0,0.0,0.0,0.0,0.45,0.0549132013399478,0.1045025013896609,9,0.4285714285714285,0.4285714285714285,Bengaluru
189,0.0,0.0,0.0,0.0,0.0,0.0,0.0,0.0,0.45,0.956772152101652,0.1050583657587548,9,0.4285714285714285,0.4285714285714285,Hyderabad
190,0.0,0.0,0.0,0.0,0.0,0.0,0.0,0.0,0.45,0.2162494228923464,0.1056142301278488,9,0.4285714285714285,0.4285714285714285,Samalkot
191,0.0,0.0,0.0,0.0,0.0,0.0,0.0,0.0,0.45,0.2581596678949569,0.1061700944969427,9,0.4285714285714285,0.4285714285714285,Kakinada
192,0.0,0.0,0.0,0.0,0.0,0.0,0.0,0.0,0.45,0.2825964507938114,0.1067259588660367,9,0.4285714285714285,0.4285714285714285,Kakinada
193,0.0,0.0714285714285714,0.0,0.0,0.0,0.0,0.0714285714285714,0.0,0.4,0.5202388818656021,0.1072818232351306,9,0.4285714285714285,0.4285714285714285,Hyderabad
194,0.0,0.0,0.0,0.0714285714285714,0.0,0.0,0.0,0.0714285714285714,0.4,0.8499429070976459,0.1078376876042245,9,0.3809523809523809,0.3809523809523809,Bengaluru
195,0.0,0.0,0.0,0.0,0.0,0.0,0.0,0.0,0.45,0.0447215689811144,0.1083935519733185,9,0.4285714285714285,0.4285714285714285,Vijayawada
196,0.0,0.0,0.0,0.0,0.0,0.0,0.0,0.0,0.45,0.8558668926264523,0.1089494163424124,9,0.4285714285714285,0.4285714285714285,Kakinada
197,0.0,0.0,0.0,0.0,0.0,0.0,0.0,0.0,0.45,0.3203398737146479,0.1095052807115063,9,0.4285714285714285,0.4285714285714285,Samalkot
198,0.0,0.0,0.0,0.0,0.0,0.0,0.0,0.0,0.45,0.3712699279271405,0.1100611450806003,9,0.4285714285714285,0.4285714285714285,Bengaluru
199,0.0,0.0,0.0,0.0,0.0,0.0,0.0,0.0,0.45,0.8355918714751642,0.1106170094496942,9,0.4285714285714285,0.4285714285714285,Kakinada
200,0.0,0.0,0.0,0.0,0.0,0.0,0.0,0.0,0.45,0.0406556328997269,0.1111728738187882,9,0.4285714285714285,0.4285714285714285,Bengaluru
201,0.0,0.0,0.0,0.0,0.0,0.0,0.0,0.0,0.45,0.1252054662416826,0.1117287381878821,9,0.4285714285714285,0.4285714285714285,Bengaluru
202,0.0,0.0,0.0,0.0,0.0,0.0,0.0,0.0,0.45,0.332297375688088,0.1122846025569761,9,0.4285714285714285,0.4285714285714285,Bengaluru
203,0.0,0.0,0.0,0.0,0.0,0.0,0.0,0.0,0.45,0.8097286169578644,0.11284046692607,9,0.4285714285714285,0.4285714285714285,Bengaluru
204,0.0,0.0,0.0,0.0,0.0,0.0,0.0,0.0,0.45,0.7747592403277261,0.1133963312951639,9,0.4285714285714285,0.4285714285714285,Samalkot
205,0.0,0.0,0.0,0.0,0.0,0.0,0.0,0.0,0.45,0.6917936500967754,0.1139521956642579,9,0.4285714285714285,0.4285714285714285,Vizag
206,0.0,0.0,0.0,0.0,0.0,0.0,0.0,0.0,0.45,0.6746458948846041,0.1145080600333518,9,0.4285714285714285,0.4285714285714285,Rajahmundry
207,0.0,0.0,0.0,0.0,0.0,0.0,0.0,0.0,0.45,0.2918336878917942,0.1150639244024458,9,0.4285714285714285,0.4285714285714285,Bengaluru
208,0.0,0.0,0.0,0.0,0.0,0.0,0.0,0.0,0.45,0.6783122477283683,0.1156197887715397,9,0.4285714285714285,0.4285714285714285,Vijayawada
209,0.0,0.0,0.0,0.0,0.0,0.0,0.0,0.0,0.45,0.925928198604578,0.1161756531406336,9,0.4285714285714285,0.4285714285714285,Rajahmundry
210,0.0,0.0,0.0,0.0,0.0,0.0,0.0,0.0,0.4,0.5709623768278169,0.1167315175097276,8,0.3809523809523809,0.3809523809523809,Samalkot
211,0.0,0.0,0.0,0.0,0.0,0.0,0.0,0.0,0.4,0.8868285759869967,0.1172873818788215,8,0.3809523809523809,0.3809523809523809,Bengaluru
212,0.0,0.0,0.0,0.0,0.0,0.0,0.0,0.0,0.4,0.8495142108971574,0.1178432462479155,8,0.3809523809523809,0.3809523809523809,Hyderabad
213,0.0,0.0,0.0,0.0,0.0,0.0,0.0,0.0,0.4,0.6806630340502022,0.1183991106170094,8,0.3809523809523809,0.3809523809523809,Vijayawada
214,0.0,0.0,0.0,0.0,0.0,0.0,0.0,0.0,0.35,0.7865336577343622,0.1189549749861033,7,0.3333333333333333,0.3333333333333333,Rajahmundry
215,0.0,0.0,0.0,0.0,0.0,0.0,0.0,0.0,0.3,0.2073839284339478,0.1195108393551973,6,0.2857142857142857,0.2857142857142856,Rajahmundry
216,0.0,0.0714285714285714,0.0,0.0,0.0,0.0,0.0714285714285714,0.0,0.3,0.6233553214928584,0.1200667037242912,7,0.3333333333333333,0.3333333333333333,Bengaluru
217,0.0,0.0,0.0,0.0714285714285714,0.0,0.0,0.0,0.0714285714285714,0.3,0.796872549871209,0.1206225680933852,7,0.2857142857142857,0.2857142857142856,Vijayawada
218,0.0,0.0,0.0,0.0,0.0,0.0,0.0,0.0,0.35,0.2861561195181574,0.1211784324624791,7,0.3333333333333333,0.3333333333333333,Rajahmundry
219,0.0,0.0,0.0,0.0,0.0,0.0,0.0,0.0,0.35,0.1609891882299257,0.1217342968315731,7,0.3333333333333333,0.3333333333333333,Bengaluru
220,0.0,0.0,0.0,0.0,0.0,0.0,0.0,0.0,0.35,0.3022359454619476,0.122290161200667,7,0.3333333333333333,0.3333333333333333,Vijayawada
221,0.0,0.0,0.0,0.0,0.0,0.0,0.0,0.0,0.35,0.1732883500946436,0.1228460255697609,7,0.3333333333333333,0.3333333333333333,Vijayawada
222,0.0,0.0,0.0,0.0,0.0,0.0,0.0,0.0,0.35,0.8955590631729116,0.1234018899388549,7,0.3333333333333333,0.3333333333333333,Bengaluru
223,0.0,0.0,0.0,0.0,0.0,0.0,0.0,0.0,0.35,0.3351093597885883,0.1239577543079488,7,0.3333333333333333,0.3333333333333333,Vijayawada
224,0.0,0.0,0.0,0.0,0.0,0.0,0.0,0.0,0.3,0.673650702600429,0.1245136186770428,6,0.2857142857142857,0.2857142857142856,Vizag
225,0.0,0.0,0.0,0.0,0.0,0.0,0.0,0.0,0.3,0.3989390697019732,0.1250694830461367,6,0.2857142857142857,0.2857142857142856,Rajahmundry
226,0.0,0.0,0.0,0.0,0.0,0.0,0.0,0.0,0.3,0.222141757352986,0.1256253474152306,6,0.2857142857142857,0.2857142857142856,Samalkot
227,0.0,0.0,0.0,0.0,0.0,0.0,0.0,0.0,0.35,0.5396670385873608,0.1261812117843246,7,0.3333333333333333,0.3333333333333333,Vizag
228,0.0,0.0714285714285714,0.0,0.0,0.0,0.0,0.0714285714285714,0.0,0.35,0.1671243829489122,0.1267370761534185,8,0.3809523809523809,0.3809523809523809,Hyderabad
229,0.0,0.0,0.0,0.0714285714285714,0.0,0.0,0.0,0.0714285714285714,0.35,0.1527269706898073,0.1272929405225125,8,0.3333333333333333,0.3333333333333333,Vijayawada
230,0.0,0.0,0.0,0.0,0.0,0.0,0.0,0.0,0.4,0.2967332032710412,0.1278488048916064,8,0.3809523809523809,0.3809523809523809,Samalkot
231,0.0,0.0,0.0,0.0,0.0,0.0,0.0,0.0,0.4,0.679994191635579,0.1284046692607003,8,0.3809523809523809,0.3809523809523809,Bengaluru
232,0.0,0.0,0.0,0.0,0.0,0.0,0.0,0.0,0.4,0.8963450834073723,0.1289605336297943,8,0.3809523809523809,0.3809523809523809,Kakinada
233,0.0,0.0,0.0,0.0,0.0,0.0,0.0,0.0,0.4,0.615096466924439,0.1295163979988882,8,0.3809523809523809,0.3809523809523809,Vizag
234,0.0,0.0,0.0,0.0,0.0,0.0,0.0,0.0,0.4,0.7083956696389198,0.1300722623679822,8,0.3809523809523809,0.3809523809523809,Rajahmundry
235,0.0,0.0714285714285714,0.0,0.0,0.0,0.0,0.0714285714285714,0.0,0.4,0.7060198564019491,0.1306281267370761,9,0.4285714285714285,0.4285714285714285,Samalkot
236,0.0,0.0,0.0,0.0714285714285714,0.0,0.0,0.0,0.0714285714285714,0.4,0.0782966461997101,0.13118399110617,9,0.3809523809523809,0.3809523809523809,Rajahmundry
237,0.0,0.0,0.0,0.0,0.0,0.0,0.0,0.0,0.45,0.1178594676061293,0.131739855475264,9,0.4285714285714285,0.4285714285714285,Hyderabad
238,0.0,0.0,0.0,0.0,0.0,0.0,0.0,0.0,0.4,0.1275564956594375,0.1322957198443579,8,0.3809523809523809,0.3809523809523809,Samalkot
239,0.0,0.0,0.0,0.0,0.0,0.0,0.0,0.0,0.4,0.7600420831887005,0.1328515842134519,8,0.3809523809523809,0.3809523809523809,Vizag
240,0.0,0.0714285714285714,0.0,0.0,0.0,0.0,0.0714285714285714,0.0,0.4,0.0883756157423658,0.1334074485825458,9,0.4285714285714285,0.4285714285714285,Rajahmundry
241,0.0,0.0,0.0,0.0714285714285714,0.0,0.0,0.0,0.0714285714285714,0.4,0.5125530024814697,0.1339633129516398,9,0.3809523809523809,0.3809523809523809,Vizag
242,0.0,0.0,0.0,0.0,0.0,0.0,0.0,0.0,0.45,0.6246565699889097,0.1345191773207337,9,0.4285714285714285,0.4285714285714285,Kakinada
243,0.0,0.0,0.0,0.0,0.0,0.0,0.0,0.0,0.45,0.6584767225858801,0.1350750416898276,9,0.4285714285714285,0.4285714285714285,Bengaluru
244,0.0,0.0,0.0,0.0,0.0,0.0,0.0,0.0,0.45,0.8459338218979355,0.1356309060589216,9,0.4285714285714285,0.4285714285714285,Rajahmundry
245,0.0,0.0714285714285714,0.0,0.0,0.0,0.0,0.0714285714285714,0.0,0.45,0.1593864872352957,0.1361867704280155,10,0.4761904761904761,0.4761904761904761,Vijayawada
246,0.0,0.0,0.0,0.0714285714285714,0.0,0.0,0.0,0.0714285714285714,0.45,0.4752208479002999,0.1367426347971095,10,0.4285714285714285,0.4285714285714285,Vizag
247,0.0,0.0,0.0,0.0,0.0,0.0,0.0,0.0,0.5,0.6508940932421985,0.1372984991662034,10,0.4761904761904761,0.4761904761904761,Kakinada
248,0.0,0.0,0.0,0.0,0.0,0.0,0.0,0.0,0.5,0.4097582675067088,0.1378543635352973,10,0.4761904761904761,0.4761904761904761,Vizag
249,0.0,0.0,0.0,0.0,0.0,0.0,0.0,0.0,0.5,0.4639223151368745,0.1384102279043913,10,0.4761904761904761,0.4761904761904761,Bengaluru
250,0.0,0.0,0.0,0.0,0.0,0.0,0.0,0.0,0.45,0.2496531501915324,0.1389660922734852,9,0.4285714285714285,0.4285714285714285,Hyderabad
251,0.0,0.0714285714285714,0.0,0.0,0.0,0.0,0.0714285714285714,0.0,0.45,0.2159615292877659,0.1395219566425792,10,0.4761904761904761,0.4761904761904761,Kakinada
252,0.0,0.0,0.0,0.0714285714285714,0.0,0.0,0.0,0.0714285714285714,0.45,0.3136065016104332,0.1400778210116731,10,0.4285714285714285,0.4285714285714285,Kakinada
253,0.0,0.0,0.0,0.0,0.0,0.0,0.0,0.0,0.5,0.6204717100562984,0.1406336853807671,10,0.4761904761904761,0.4761904761904761,Rajahmundry
254,0.0,0.0,0.0,0.0,0.0,0.0,0.0,0.0,0.5,0.2561341887461248,0.141189549749861,10,0.4761904761904761,0.4761904761904761,Hyderabad
255,0.0,0.0,0.0,0.0,0.0,0.0,0.0,0.0,0.5,0.8057202863561113,0.1417454141189549,10,0.4761904761904761,0.4761904761904761,Rajahmundry
256,0.0,0.0,0.0,0.0,0.0,0.0,0.0,0.0,0.5,0.2744358408542438,0.1423012784880489,10,0.4761904761904761,0.4761904761904761,Samalkot
257,0.0,0.0,0.0,0.0,0.0,0.0,0.0,0.0,0.5,0.8992315558449784,0.1428571428571428,10,0.4761904761904761,0.4761904761904761,Rajahmundry
258,0.0,0.0,0.0,0.0,0.0,0.0,0.0,0.0,0.5,0.8610154524707503,0.1434130072262368,10,0.4761904761904761,0.4761904761904761,Rajahmundry
259,0.0,0.0,0.0,0.0,0.0,0.0,0.0,0.0,0.5,0.6885053645281924,0.1439688715953307,10,0.4761904761904761,0.4761904761904761,Vijayawada
260,0.0,0.0,0.0,0.0,0.0,0.0,0.0,0.0,0.5,0.8082760768107766,0.1445247359644246,10,0.4761904761904761,0.4761904761904761,Rajahmundry
261,0.0,0.0714285714285714,0.0,0.0,0.0,0.0,0.0714285714285714,0.0,0.5,0.73027518854648,0.1450806003335186,11,0.5238095238095237,0.5238095238095237,Samalkot
262,0.0,0.0,0.0,0.0714285714285714,0.0,0.0,0.0,0.0714285714285714,0.5,0.7505704201961985,0.1456364647026125,11,0.4761904761904761,0.4761904761904761,Samalkot
263,0.0,0.0,0.0,0.0,0.0,0.0,0.0,0.0,0.55,0.849481063825162,0.1461923290717064,11,0.5238095238095237,0.5238095238095237,Bengaluru
264,0.0,0.0,0.0,0.0,0.0,0.0,0.0,0.0,0.55,0.3087804297662528,0.1467481934408004,11,0.5238095238095237,0.5238095238095237,Bengaluru
265,0.0,0.0714285714285714,0.0,0.0,0.0,0.0,0.0714285714285714,0.0,0.55,0.130509812093891,0.1473040578098944,12,0.5714285714285714,0.5714285714285713,Hyderabad
266,0.0,0.0,0.0,0.0714285714285714,0.0,0.0,0.0,0.0714285714285714,0.55,0.0010595240897208,0.1478599221789883,12,0.5238095238095237,0.5238095238095237,Samalkot
267,0.0,0.0,0.0,0.0,0.0,0.0,0.0,0.0,0.6000000000000001,0.6836456981968988,0.1484157865480822,12,0.5714285714285714,0.5714285714285713,Rajahmundry
268,0.0,0.0,0.0,0.0,0.0,0.0,0.0,0.0,0.6000000000000001,0.7461323785092322,0.1489716509171762,12,0.5714285714285714,0.5714285714285713,Rajahmundry
269,0.0,0.0714285714285714,0.0,0.0,0.0,0.0,0.0714285714285714,0.0,0.6000000000000001,0.2453283858261568,0.1495275152862701,13,0.6190476190476191,0.619047619047619,Vizag
270,0.0,0.0,0.0,0.0714285714285714,0.0,0.0,0.0,0.0714285714285714,0.6000000000000001,0.2380920067606216,0.150083379655364,13,0.5714285714285714,0.5714285714285713,Vijayawada
271,0.0,0.0,0.0,0.0,0.0,0.0,0.0,0.0,0.65,0.3180462698541062,0.150639244024458,13,0.6190476190476191,0.619047619047619,Hyderabad
272,0.0,0.0,0.0,0.0,0.0,0.0,0.0,0.0,0.65,0.9440766241401142,0.1511951083935519,13,0.6190476190476191,0.619047619047619,Vizag
273,0.0,0.0,0.0,0.0,0.0,0.0,0.0,0.0,0.65,0.6781914592478515,0.1517509727626459,13,0.6190476190476191,0.619047619047619,Hyderabad
274,0.0,0.0,0.0,0.0,0.0,0.0,0.0,0.0,0.65,0.0791980544241415,0.1523068371317398,13,0.6190476190476191,0.619047619047619,Vizag
275,0.0,0.0,0.0,0.0,0.0,0.0,0.0,0.0,0.65,0.3243132033108948,0.1528627015008337,13,0.6190476190476191,0.619047619047619,Bengaluru
276,0.0,0.0,0.0,0.0,0.0,0.0,0.0,0.0,0.65,0.0238589360506034,0.1534185658699277,13,0.6190476190476191,0.619047619047619,Bengaluru
277,0.0,0.0,0.0,0.0,0.0,0.0,0.0,0.0,0.65,0.1396669757110289,0.1539744302390216,13,0.6190476190476191,0.619047619047619,Rajahmundry
278,0.0,0.0,0.0,0.0,0.0,0.0,0.0,0.0,0.65,0.8404463098629358,0.1545302946081156,13,0.6190476190476191,0.619047619047619,Vizag
279,0.0,0.0,0.0,0.0,0.0,0.0,0.0,0.0,0.65,0.1388964797140917,0.1550861589772095,13,0.6190476190476191,0.619047619047619,Vizag
280,0.0,0.0,0.0,0.0,0.0,0.0,0.0,0.0,0.65,0.8173808316839573,0.1556420233463035,13,0.6190476190476191,0.619047619047619,Samalkot
281,0.0,0.0,1.0,0.0,1.0,0.0,0.0,0.0,0.6000000000000001,0.8525919649448068,0.1561978877153974,13,0.5714285714285714,0.5714285714285713,Vizag
282,0.0,0.0,0.0,0.0,0.0,0.0,0.0,0.0,0.6000000000000001,0.2723430750247546,0.1567537520844913,12,0.5714285714285714,0.5714285714285713,Hyderabad
283,0.0,0.0,0.0,0.0,0.0,0.0,0.0,0.0,0.6000000000000001,0.3788040319700536,0.1573096164535853,12,0.5714285714285714,0.5714285714285713,Vijayawada
284,0.0,0.0,0.0,0.0,0.0,0.0,0.0,0.0,0.6000000000000001,0.0139005958284736,0.1578654808226793,12,0.5714285714285714,0.5714285714285713,Samalkot
285,0.0,0.0714285714285714,0.0,0.0,0.0,0.0,0.0714285714285714,0.0,0.6000000000000001,0.7353490685689439,0.1584213451917732,13,0.6190476190476191,0.619047619047619,Vijayawada
286,0.0,0.0714285714285714,0.0,0.0714285714285714,0.0,0.0,0.0714285714285714,0.0714285714285714,0.6000000000000001,0.2065415242637478,0.1589772095608671,14,0.6190476190476191,0.619047619047619,Samalkot
287,0.0,0.0,0.0,0.0714285714285714,0.0,0.0,0.0,0.0714285714285714,0.65,0.7326867413288436,0.159533073929961,14,0.6190476190476191,0.619047619047619,Kakinada
288,0.0,0.0,0.0,0.0,0.0,0.0,0.0,0.0,0.7000000000000001,0.6548598294707548,0.160088938299055,14,0.6666666666666666,0.6666666666666666,Samalkot
289,0.0,0.0,0.0,0.0,0.0,0.0,0.0,0.0,0.7000000000000001,0.9689230661721304,0.1606448026681489,14,0.6666666666666666,0.6666666666666666,Vijayawada
290,0.0,0.0,0.0,0.0,0.0,0.0,0.0,0.0,0.7000000000000001,0.6148297068233604,0.1612006670372429,14,0.6666666666666666,0.6666666666666666,Rajahmundry
291,0.0,0.0,0.0,0.0,0.0,0.0,0.0,0.0,0.7000000000000001,0.4491579479080525,0.1617565314063368,14,0.6666666666666666,0.6666666666666666,Vijayawada
292,0.0,0.0,0.0,0.0,0.0,0.0,0.0,0.0,0.7000000000000001,0.6485327779831322,0.1623123957754307,14,0.6666666666666666,0.6666666666666666,Vijayawada
293,0.0,0.0,0.0,0.0,0.0,0.0,0.0,0.0,0.7000000000000001,0.5085259154055328,0.1628682601445247,14,0.6666666666666666,0.6666666666666666,Kakinada
294,0.0,0.0,0.0,0.0,0.0,0.0,0.0,0.0,0.7000000000000001,0.2677335719373646,0.1634241245136186,14,0.6666666666666666,0.6666666666666666,Vizag
295,0.0,0.0,0.0,0.0,0.0,0.0,0.0,0.0,0.7000000000000001,0.4136316541383817,0.1639799888827126,14,0.6666666666666666,0.6666666666666666,Vizag
296,0.0,0.0,0.0,0.0,0.0,0.0,0.0,0.0,0.65,0.4261687288200499,0.1645358532518065,13,0.6190476190476191,0.619047619047619,Rajahmundry
297,0.0,0.0,0.0,0.0,0.0,0.0,0.0,0.0,0.65,0.9099887016537392,0.1650917176209005,13,0.6190476190476191,0.619047619047619,Bengaluru
298,0.0,0.0,0.0,0.0,0.0,0.0,0.0,0.0,0.65,0.1032346525394205,0.1656475819899944,13,0.6190476190476191,0.619047619047619,Kakinada
299,0.0,0.0,0.0,0.0,0.0,0.0,0.0,0.0,0.65,0.9187702393141296,0.1662034463590884,13,0.6190476190476191,0.619047619047619,Rajahmundry
300,0.0,0.0,0.0,0.0,0.0,0.0,0.0,0.0,0.65,0.6618266630575598,0.1667593107281823,13,0.6190476190476191,0.619047619047619,Kakinada
301,0.0,0.0,0.0,0.0,0.0,0.0,0.0,0.0,0.65,0.8188140766974203,0.1673151750972762,13,0.6190476190476191,0.619047619047619,Kakinada
302,0.0,0.0,0.0,0.0,0.0,0.0,0.0,0.0,0.65,0.7713240098853644,0.1678710394663702,13,0.6190476190476191,0.619047619047619,Bengaluru
303,0.0,0.0714285714285714,0.0,0.0,0.0,0.0,0.0714285714285714,0.0,0.6000000000000001,0.5665720535375183,0.1684269038354641,13,0.6190476190476191,0.619047619047619,Rajahmundry
304,0.0,0.0,0.0,0.0714285714285714,0.0,0.0,0.0,0.0714285714285714,0.6000000000000001,0.8957359989363316,0.168982768204558,13,0.5714285714285714,0.5714285714285713,Bengaluru
305,0.0,0.0,0.0,0.0,0.0,0.0,0.0,0.0,0.65,0.7658907938518511,0.169538632573652,13,0.6190476190476191,0.619047619047619,Vijayawada
306,0.0,0.0,0.0,0.0,0.0,0.0,0.0,0.0,0.65,0.4601648839696763,0.1700944969427459,13,0.6190476190476191,0.619047619047619,Samalkot
307,0.0,0.0,0.0,0.0,0.0,0.0,0.0,0.0,0.65,0.6190610780808135,0.1706503613118399,13,0.6190476190476191,0.619047619047619,Bengaluru
308,0.0,0.0,0.0,0.0,0.0,0.0,0.0,0.0,0.65,0.9344842425009974,0.1712062256809338,13,0.6190476190476191,0.619047619047619,Hyderabad
309,0.0,0.0,0.0,0.0,0.0,0.0,0.0,0.0,0.6000000000000001,0.4095145232086137,0.1717620900500278,12,0.5714285714285714,0.5714285714285713,Kakinada
310,0.0,0.0,0.0,0.0,0.0,0.0,0.0,0.0,0.6000000000000001,0.5380858651306992,0.1723179544191217,12,0.5714285714285714,0.5714285714285713,Hyderabad
311,0.0,0.0,0.0,0.0,0.0,0.0,0.0,0.0,0.6000000000000001,0.4551412717964174,0.1728738187882156,12,0.5714285714285714,0.5714285714285713,Vizag
312,0.0,0.0,0.0,0.0,0.0,0.0,0.0,0.0,0.6000000000000001,0.7262548033241929,0.1734296831573096,12,0.5714285714285714,0.5714285714285713,Rajahmundry
313,0.0,0.0,0.0,0.0,0.0,0.0,0.0,0.0,0.6000000000000001,0.4998655823876465,0.1739855475264035,12,0.5714285714285714,0.5714285714285713,Rajahmundry
314,0.0,0.0,0.0,0.0,0.0,0.0,0.0,0.0,0.6000000000000001,0.6605643716063034,0.1745414118954975,12,0.5714285714285714,0.5714285714285713,Bengaluru
315,0.0,0.0,0.0,0.0,0.0,0.0,0.0,0.0,0.55,0.4565026029584107,0.1750972762645914,11,0.5238095238095237,0.5238095238095237,Vijayawada
316,0.0,0.0,0.0,0.0,0.0,0.0,0.0,0.0,0.55,0.5390783954874372,0.1756531406336853,11,0.5238095238095237,0.5238095238095237,Hyderabad
317,0.0,0.0,0.0,0.0,0.0,0.0,0.0,0.0,0.55,0.1388308375765172,0.1762090050027793,11,0.5238095238095237,0.5238095238095237,Kakinada
318,0.0,0.0,0.0,0.0,0.0,0.0,0.0,0.0,0.5,0.8404015720207594,0.1767648693718732,10,0.4761904761904761,0.4761904761904761,Bengaluru
319,0.0,0.0,0.0,0.0,0.0,0.0,0.0,0.0,0.5,0.3810639574129582,0.1773207337409671,10,0.4761904761904761,0.4761904761904761,Vijayawada
320,0.0,0.0714285714285714,0.0,0.0,0.0,0.0,0.0714285714285714,0.0,0.5,0.1315702201625879,0.1778765981100611,11,0.5238095238095237,0.5238095238095237,Bengaluru
321,0.0,0.0,0.0,0.0714285714285714,0.0,0.0,0.0,0.0714285714285714,0.5,0.8177659989946016,0.178432462479155,11,0.4761904761904761,0.4761904761904761,Hyderabad
322,0.0,0.0,0.0,0.0,0.0,0.0,0.0,0.0,0.55,0.0598315441608963,0.178988326848249,11,0.5238095238095237,0.5238095238095237,Vizag
323,0.0,0.0,0.0,0.0,0.0,0.0,0.0,0.0,0.55,0.6774779826156319,0.1795441912173429,11,0.5238095238095237,0.5238095238095237,Bengaluru
324,0.0,0.0,0.0,0.0,0.0,0.0,0.0,0.0,0.55,0.6936867867038787,0.1801000555864369,11,0.5238095238095237,0.5238095238095237,Vizag
325,0.0,0.0,0.0,0.0,0.0,0.0,0.0,0.0,0.55,0.6824919565109555,0.1806559199555308,11,0.5238095238095237,0.5238095238095237,Vijayawada
326,0.0,0.0714285714285714,0.0,0.0,0.0,0.0,0.0714285714285714,0.0,0.55,0.8507973230460972,0.1812117843246248,12,0.5714285714285714,0.5714285714285713,Bengaluru
327,0.0,0.0714285714285714,0.0,0.0714285714285714,0.0,0.0,0.0714285714285714,0.0714285714285714,0.55,0.1118229732164488,0.1817676486937187,13,0.5714285714285714,0.5714285714285713,Bengaluru
328,0.0,0.0,0.0,0.0714285714285714,0.0,0.0,0.0,0.0714285714285714,0.6000000000000001,0.1180311630496513,0.1823235130628126,13,0.5714285714285714,0.5714285714285713,Kakinada
329,0.0,0.0,0.0,0.0,0.0,0.0,0.0,0.0,0.65,0.7960884182180541,0.1828793774319066,13,0.6190476190476191,0.619047619047619,Vijayawada
330,0.0,0.0,0.0,0.0,0.0,0.0,0.0,0.0,0.65,0.5557497882750468,0.1834352418010005,13,0.6190476190476191,0.619047619047619,Kakinada
331,0.0,0.0,0.0,0.0,0.0,0.0,0.0,0.0,0.65,0.7704547727052464,0.1839911061700944,13,0.6190476190476191,0.619047619047619,Vijayawada
332,0.0,0.0,0.0,0.0,0.0,0.0,0.0,0.0,0.65,0.2116944885812741,0.1845469705391884,13,0.6190476190476191,0.619047619047619,Rajahmundry
333,0.0,0.0,0.0,0.0,0.0,0.0,0.0,0.0,0.65,0.3508950144475729,0.1851028349082823,13,0.6190476190476191,0.619047619047619,Bengaluru
334,0.0,0.0714285714285714,0.0,0.0,0.0,0.0,0.0714285714285714,0.0,0.65,0.8891496664402436,0.1856586992773763,14,0.6666666666666666,0.6666666666666666,Kakinada
335,0.0,0.0714285714285714,0.0,0.0714285714285714,0.0,0.0,0.0714285714285714,0.0714285714285714,0.65,0.8987019659034308,0.1862145636464702,15,0.6666666666666666,0.6666666666666666,Bengaluru
336,0.0,0.0,0.0,0.0714285714285714,0.0,0.0,0.0,0.0714285714285714,0.7000000000000001,0.4187459945078888,0.1867704280155641,15,0.6666666666666666,0.6666666666666666,Rajahmundry
337,0.0,0.0,0.0,0.0,0.0,0.0,0.0,0.0,0.75,0.5561807230176767,0.1873262923846581,15,0.7142857142857142,0.7142857142857142,Kakinada
338,0.0,0.0,0.0,0.0,0.0,0.0,0.0,0.0,0.7000000000000001,0.6099804021332884,0.187882156753752,14,0.6666666666666666,0.6666666666666666,Vizag
339,1.0,0.0714285714285714,0.0,0.0,0.0,0.0,0.1428571428571428,0.0,0.65,0.3197147799613344,0.188438021122846,15,0.7142857142857142,0.7142857142857142,Bengaluru
340,0.0,0.0,0.0,0.0714285714285714,0.0,0.0,0.0,0.0714285714285714,0.65,0.5004169731286621,0.1889938854919399,14,0.6190476190476191,0.619047619047619,Vijayawada
341,0.0,0.0,0.0,0.0,0.0,0.0,0.0,0.0,0.7000000000000001,0.29255849775961,0.1895497498610339,14,0.6666666666666666,0.6666666666666666,Bengaluru
342,0.0,0.0,0.0,0.0,0.0,0.0,0.0,0.0,0.7000000000000001,0.6910654580558395,0.1901056142301278,14,0.6666666666666666,0.6666666666666666,Vizag
343,0.0,0.0,0.0,0.0,0.0,0.0,0.0,0.0,0.7000000000000001,0.7719432875517882,0.1906614785992217,14,0.6666666666666666,0.6666666666666666,Samalkot
344,0.0,0.0,0.0,0.0,0.0,0.0,0.0,0.0,0.65,0.2429616350702454,0.1912173429683157,13,0.6190476190476191,0.619047619047619,Rajahmundry
345,0.0,0.0,0.0,0.0,0.0,0.0,0.0,0.0,0.65,0.8381142333429841,0.1917732073374096,13,0.6190476190476191,0.619047619047619,Samalkot
346,0.0,0.0,0.0,0.0,0.0,0.0,0.0,0.0,0.65,0.7095737937389792,0.1923290717065035,13,0.6190476190476191,0.619047619047619,Rajahmundry
347,0.0,0.0,0.0,0.0,0.0,0.0,0.0,0.0,0.65,0.890185112159503,0.1928849360755975,13,0.6190476190476191,0.619047619047619,Samalkot
348,0.0,0.0,0.0,0.0,0.0,0.0,0.0,0.0,0.65,0.5730998702778445,0.1934408004446914,13,0.6190476190476191,0.619047619047619,Bengaluru
349,0.0,0.0,0.0,0.0,0.0,0.0,0.0,0.0,0.65,0.597684259222532,0.1939966648137854,13,0.6190476190476191,0.619047619047619,Samalkot
350,0.0,0.0714285714285714,0.0,0.0,0.0,0.0,0.0714285714285714,0.0,0.65,0.3742158177426957,0.1945525291828793,14,0.6666666666666666,0.6666666666666666,Vijayawada
351,0.0,0.0,0.0,0.0714285714285714,0.0,0.0,0.0,0.0714285714285714,0.65,0.1258834589827944,0.1951083935519733,14,0.6190476190476191,0.619047619047619,Rajahmundry
352,0.0,0.0,0.0,0.0,0.0,0.0,0.0,0.0,0.7000000000000001,0.8449777156153724,0.1956642579210672,14,0.6666666666666666,0.6666666666666666,Kakinada
353,0.0,0.0,0.0,0.0,0.0,0.0,0.0,0.0,0.7000000000000001,0.0724429715219874,0.1962201222901611,14,0.6666666666666666,0.6666666666666666,Vijayawada
354,0.0,0.0,0.0,0.0,0.0,0.0,0.0,0.0,0.7000000000000001,0.4257155839862445,0.1967759866592551,14,0.6666666666666666,0.6666666666666666,Samalkot
355,0.0,0.0,0.0,0.0,0.0,0.0,0.0,0.0,0.65,0.6957212592103055,0.1973318510283491,13,0.6190476190476191,0.619047619047619,Kakinada
356,0.0,0.0,0.0,0.0,0.0,0.0,0.0,0.0,0.65,0.6110121733819907,0.197887715397443,13,0.6190476190476191,0.619047619047619,Vijayawada
357,0.0,0.0,0.0,0.0,0.0,0.0,0.0,0.0,0.65,0.8110046529985411,0.1984435797665369,13,0.6190476190476191,0.619047619047619,Rajahmundry
358,0.0,0.0,0.0,0.0,0.0,0.0,0.0,0.0,0.65,0.403155556181463,0.1989994441356309,13,0.6190476190476191,0.619047619047619,Vizag
359,0.0,0.0,0.0,0.0,0.0,0.0,0.0,0.0,0.65,0.8354128116682618,0.1995553085047249,13,0.6190476190476191,0.619047619047619,Vijayawada
360,0.0,0.0,0.0,0.0,0.0,0.0,0.0,0.0,0.65,0.7884059394637633,0.2001111728738188,13,0.6190476190476191,0.619047619047619,Hyderabad
361,0.0,0.0,0.0,0.0,0.0,0.0,0.0,0.0,0.6000000000000001,0.5505524617868214,0.2006670372429126,12,0.5714285714285714,0.5714285714285713,Rajahmundry
362,0.0,0.0,0.0,0.0,0.0,0.0,0.0,0.0,0.6000000000000001,0.1634856382970209,0.2012229016120066,12,0.5714285714285714,0.5714285714285713,Vijayawada
363,0.0,0.0714285714285714,0.0,0.0,0.0,0.0,0.0714285714285714,0.0,0.6000000000000001,0.6538035147636887,0.2017787659811006,13,0.6190476190476191,0.619047619047619,Rajahmundry
364,0.0,0.0,0.0,0.0714285714285714,0.0,0.0,0.0,0.0714285714285714,0.6000000000000001,0.9698559556654568,0.2023346303501945,13,0.5714285714285714,0.5714285714285713,Samalkot
365,0.0,0.0,0.0,0.0,0.0,0.0,0.0,0.0,0.65,0.9967042389244394,0.2028904947192884,13,0.6190476190476191,0.619047619047619,Hyderabad
366,0.0,0.0,0.0,0.0,0.0,0.0,0.0,0.0,0.65,0.38715331923843,0.2034463590883824,13,0.6190476190476191,0.619047619047619,Hyderabad
367,0.0,0.0,0.0,0.0,0.0,0.0,0.0,0.0,0.65,0.0395745343307685,0.2040022234574763,13,0.6190476190476191,0.619047619047619,Vizag
368,0.0,0.0,0.0,0.0,0.0,0.0,0.0,0.0,0.65,0.0625690001684424,0.2045580878265702,13,0.6190476190476191,0.619047619047619,Vizag
369,0.0,0.0,0.0,0.0,0.0,0.0,0.0,0.0,0.65,0.8446169640702121,0.2051139521956642,13,0.6190476190476191,0.619047619047619,Kakinada
370,0.0,0.0,0.0,0.0,0.0,0.0,0.0,0.0,0.65,0.9590996977379412,0.2056698165647582,13,0.6190476190476191,0.619047619047619,Rajahmundry
371,0.0,0.0,0.0,0.0,0.0,0.0,0.0,0.0,0.65,0.8177610011944387,0.2062256809338521,13,0.6190476190476191,0.619047619047619,Samalkot
372,0.0,0.0714285714285714,0.0,0.0,0.0,0.0,0.0714285714285714,0.0,0.65,0.6445657832032679,0.2067815453029461,14,0.6666666666666666,0.6666666666666666,Bengaluru
373,0.0,0.0,0.0,0.0714285714285714,0.0,0.0,0.0,0.0714285714285714,0.65,0.7480333957066523,0.20733740967204,14,0.6190476190476191,0.619047619047619,Samalkot
374,0.0,0.0,0.0,0.0,0.0,0.0,0.0,0.0,0.65,0.3975498065024068,0.207893274041134,13,0.6190476190476191,0.619047619047619,Samalkot
375,0.0,0.0714285714285714,0.0,0.0,0.0,0.0,0.0714285714285714,0.0,0.65,0.644022479274063,0.2084491384102279,14,0.6666666666666666,0.6666666666666666,Samalkot
376,0.0,0.0,0.0,0.0714285714285714,0.0,0.0,0.0,0.0714285714285714,0.65,0.9770034638552484,0.2090050027793218,14,0.6190476190476191,0.619047619047619,Hyderabad
377,0.0,0.0,0.0,0.0,0.0,0.0,0.0,0.0,0.7000000000000001,0.7222831020638525,0.2095608671484158,14,0.6666666666666666,0.6666666666666666,Vijayawada
378,0.0,0.0,1.0,0.0,1.0,0.0,0.0,0.0,0.65,0.5831168517168064,0.2101167315175097,14,0.6190476190476191,0.619047619047619,Samalkot
379,0.0,0.0,0.0,0.0,0.0,0.0,0.0,0.0,0.65,0.2504797554632669,0.2106725958866036,13,0.6190476190476191,0.619047619047619,Samalkot
380,0.0,0.0,0.0,0.0,0.0,0.0,0.0,0.0,0.6000000000000001,0.5026429644128279,0.2112284602556976,12,0.5714285714285714,0.5714285714285713,Hyderabad
381,0.0,0.0,0.0,0.0,0.0,0.0,0.0,0.0,0.6000000000000001,0.4394312850329511,0.2117843246247915,12,0.5714285714285714,0.5714285714285713,Kakinada
382,0.0,0.0714285714285714,0.0,0.0,0.0,0.0,0.0714285714285714,0.0,0.6000000000000001,0.5360224460861072,0.2123401889938855,13,0.6190476190476191,0.619047619047619,Hyderabad
383,0.0,0.0,0.0,0.0714285714285714,0.0,0.0,0.0,0.0714285714285714,0.6000000000000001,0.7014940781333492,0.2128960533629794,13,0.5714285714285714,0.5714285714285713,Bengaluru
384,0.0,0.0,0.0,0.0,0.0,0.0,0.0,0.0,0.65,0.2276448262985391,0.2134519177320734,13,0.6190476190476191,0.619047619047619,Bengaluru
385,0.0,0.0,0.0,0.0,0.0,0.0,0.0,0.0,0.65,0.2047240307375706,0.2140077821011673,13,0.6190476190476191,0.619047619047619,Samalkot
386,0.0,0.0,0.0,0.0,0.0,0.0,0.0,0.0,0.65,0.4674229651510102,0.2145636464702612,13,0.6190476190476191,0.619047619047619,Rajahmundry
387,0.0,0.0,0.0,0.0,0.0,0.0,0.0,0.0,0.65,0.9842270612408236,0.2151195108393552,13,0.6190476190476191,0.619047619047619,Kakinada
388,0.0,0.0,0.0,0.0,0.0,0.0,0.0,0.0,0.65,0.733670208974174,0.2156753752084491,13,0.6190476190476191,0.619047619047619,Vijayawada
389,0.0,0.0,0.0,0.0,0.0,0.0,0.0,0.0,0.6000000000000001,0.1723039806057913,0.2162312395775431,12,0.5714285714285714,0.5714285714285713,Hyderabad
390,0.0,0.0,0.0,0.0,0.0,0.0,0.0,0.0,0.6000000000000001,0.4704455655064736,0.216787103946637,12,0.5714285714285714,0.5714285714285713,Samalkot
391,0.0,0.0,0.0,0.0,0.0,0.0,0.0,0.0,0.6000000000000001,0.309658658592808,0.2173429683157309,12,0.5714285714285714,0.5714285714285713,Vijayawada
392,0.0,0.0,0.0,0.0,0.0,0.0,0.0,0.0,0.6000000000000001,0.0196018920836738,0.2178988326848249,12,0.5714285714285714,0.5714285714285713,Vizag
393,0.0,0.0,0.0,0.0,0.0,0.0,0.0,0.0,0.6000000000000001,0.6070652465977311,0.2184546970539188,12,0.5714285714285714,0.5714285714285713,Samalkot
394,0.0,0.0,0.0,0.0,0.0,0.0,0.0,0.0,0.6000000000000001,0.5568323299055529,0.2190105614230127,12,0.5714285714285714,0.5714285714285713,Vizag
395,0.0,0.0714285714285714,0.0,0.0,0.0,0.0,0.0714285714285714,0.0,0.6000000000000001,0.4900281874306615,0.2195664257921067,13,0.6190476190476191,0.619047619047619,Samalkot
396,0.0,0.0,0.0,0.0714285714285714,0.0,0.0,0.0,0.0714285714285714,0.6000000000000001,5.17887747168988e-05,0.2201222901612006,13,0.5714285714285714,0.5714285714285713,Rajahmundry
397,0.0,0.0,0.0,0.0,0.0,0.0,0.0,0.0,0.65,0.3920393451615356,0.2206781545302946,13,0.6190476190476191,0.619047619047619,Bengaluru
398,0.0,0.0,0.0,0.0,0.0,0.0,0.0,0.0,0.6000000000000001,0.3456309674554143,0.2212340188993885,12,0.5714285714285714,0.5714285714285713,Hyderabad
399,0.0,0.0,0.0,0.0,0.0,0.0,0.0,0.0,0.55,0.941553906693486,0.2217898832684825,11,0.5238095238095237,0.5238095238095237,Vizag
400,0.0,0.0,0.0,0.0,0.0,0.0,0.0,0.0,0.55,0.1115866881773934,0.2223457476375764,11,0.5238095238095237,0.5238095238095237,Samalkot
401,0.0,0.0714285714285714,0.0,0.0,0.0,0.0,0.0714285714285714,0.0,0.55,0.5147862140970831,0.2229016120066703,12,0.5714285714285714,0.5714285714285713,Hyderabad
402,0.0,0.0,0.0,0.0714285714285714,0.0,0.0,0.0,0.0714285714285714,0.55,1.0000000000000002,0.2234574763757643,12,0.5238095238095237,0.5238095238095237,Vijayawada
403,0.0,0.0,0.0,0.0,0.0,0.0,0.0,0.0,0.6000000000000001,0.2459915393525038,0.2240133407448582,12,0.5714285714285714,0.5714285714285713,Vizag
404,0.0,0.0,0.0,0.0,0.0,0.0,0.0,0.0,0.6000000000000001,0.782520373971124,0.2245692051139522,12,0.5714285714285714,0.5714285714285713,Vizag
405,0.0,0.0,0.0,0.0,0.0,0.0,0.0,0.0,0.6000000000000001,0.0586436551802205,0.2251250694830461,12,0.5714285714285714,0.5714285714285713,Hyderabad
406,0.0,0.0,0.0,0.0,0.0,0.0,0.0,0.0,0.6000000000000001,0.5281378008894189,0.22568093385214,12,0.5714285714285714,0.5714285714285713,Rajahmundry
407,0.0,0.0,0.0,0.0,0.0,0.0,0.0,0.0,0.6000000000000001,0.7867321334342492,0.226236798221234,12,0.5714285714285714,0.5714285714285713,Hyderabad
408,0.0,0.0,0.0,0.0,0.0,0.0,0.0,0.0,0.6000000000000001,0.6750446351512751,0.2267926625903279,12,0.5714285714285714,0.5714285714285713,Vizag
409,0.0,0.0,0.0,0.0,0.0,0.0,0.0,0.0,0.6000000000000001,0.8970848654449242,0.2273485269594219,12,0.5714285714285714,0.5714285714285713,Hyderabad
410,0.0,0.0,0.0,0.0,0.0,0.0,0.0,0.0,0.6000000000000001,0.5573336398922704,0.2279043913285158,12,0.5714285714285714,0.5714285714285713,Vijayawada
411,0.0,0.0,0.0,0.0,0.0,0.0,0.0,0.0,0.6000000000000001,0.0063430476127062,0.2284602556976097,12,0.5714285714285714,0.5714285714285713,Hyderabad
412,0.0,0.0,0.0,0.0,0.0,0.0,0.0,0.0,0.6000000000000001,0.6941613927223429,0.2290161200667037,12,0.5714285714285714,0.5714285714285713,Hyderabad
413,0.0,0.0,0.0,0.0,0.0,0.0,0.0,0.0,0.6000000000000001,0.1387060141212746,0.2295719844357976,12,0.5714285714285714,0.5714285714285713,Samalkot
414,0.0,0.0,0.0,0.0,0.0,0.0,0.0,0.0,0.6000000000000001,0.3277243177644013,0.2301278488048916,12,0.5714285714285714,0.5714285714285713,Hyderabad
415,0.0,0.0714285714285714,0.0,0.0,0.0,0.0,0.0714285714285714,0.0,0.6000000000000001,0.6639616050259094,0.2306837131739855,13,0.6190476190476191,0.619047619047619,Bengaluru
416,0.0,0.0,0.0,0.0714285714285714,0.0,0.0,0.0,0.0714285714285714,0.55,0.7153725360521188,0.2312395775430795,12,0.5238095238095237,0.5238095238095237,Rajahmundry
417,0.0,0.0,0.0,0.0,0.0,0.0,0.0,0.0,0.6000000000000001,0.774693126486383,0.2317954419121734,12,0.5714285714285714,0.5714285714285713,Kakinada
418,0.0,0.0,0.0,0.0,0.0,0.0,0.0,0.0,0.6000000000000001,0.8925925470043619,0.2323513062812673,12,0.5714285714285714,0.5714285714285713,Vijayawada
419,0.0,0.0,0.0,0.0,0.0,0.0,0.0,0.0,0.6000000000000001,0.4769647795089617,0.2329071706503613,12,0.5714285714285714,0.5714285714285713,Hyderabad
420,0.0,0.0,0.0,0.0,0.0,0.0,0.0,0.0,0.55,0.1989534389287717,0.2334630350194552,11,0.5238095238095237,0.5238095238095237,Bengaluru
421,0.0,0.0714285714285714,0.0,0.0,0.0,0.0,0.0714285714285714,0.0,0.55,0.8543250476534445,0.2340188993885491,12,0.5714285714285714,0.5714285714285713,Bengaluru
422,0.0,0.0,0.0,0.0714285714285714,0.0,0.0,0.0,0.0714285714285714,0.5,0.0062356628306559,0.2345747637576431,11,0.4761904761904761,0.4761904761904761,Vijayawada
423,0.0,0.0,0.0,0.0,0.0,0.0,0.0,0.0,0.55,0.8723092699127728,0.235130628126737,11,0.5238095238095237,0.5238095238095237,Kakinada
424,0.0,0.0,0.0,0.0,0.0,0.0,0.0,0.0,0.55,0.2417573062047311,0.235686492495831,11,0.5238095238095237,0.5238095238095237,Vizag
425,0.0,0.0,0.0,0.0,0.0,0.0,0.0,0.0,0.55,0.4034117138309234,0.2362423568649249,11,0.5238095238095237,0.5238095238095237,Kakinada
426,0.0,0.0,0.0,0.0,0.0,0.0,0.0,0.0,0.55,0.9388983296427378,0.2367982212340189,11,0.5238095238095237,0.5238095238095237,Hyderabad
427,0.0,0.0,0.0,0.0,0.0,0.0,0.0,0.0,0.55,0.7346112749833982,0.2373540856031128,11,0.5238095238095237,0.5238095238095237,Kakinada
428,0.0,0.1428571428571428,0.0,0.0,0.0,0.0,0.1428571428571428,0.0,0.55,0.8647077562374379,0.2379099499722067,13,0.6190476190476191,0.619047619047619,Rajahmundry
429,0.0,0.0,0.0,0.1428571428571428,0.0,0.0,0.0,0.1428571428571428,0.55,0.0939367190337276,0.2384658143413007,13,0.5238095238095237,0.5238095238095237,Vizag
430,0.0,0.0,0.0,0.0,0.0,0.0,0.0,0.0,0.65,0.5947930198662128,0.2390216787103946,13,0.6190476190476191,0.619047619047619,Vijayawada
431,0.0,0.0,0.0,0.0,0.0,0.0,0.0,0.0,0.65,0.8227038765718293,0.2395775430794886,13,0.6190476190476191,0.619047619047619,Vizag
432,0.0,0.0,0.0,0.0,0.0,0.0,0.0,0.0,0.65,0.8614301180006347,0.2401334074485825,13,0.6190476190476191,0.619047619047619,Kakinada
433,0.0,0.0714285714285714,0.0,0.0,0.0,0.0,0.0714285714285714,0.0,0.65,0.5428856734123448,0.2406892718176765,14,0.6666666666666666,0.6666666666666666,Hyderabad
434,0.0,0.0,0.0,0.0714285714285714,0.0,0.0,0.0,0.0714285714285714,0.65,0.0972603739638444,0.2412451361867704,14,0.6190476190476191,0.619047619047619,Kakinada
435,0.0,0.0,0.0,0.0,0.0,0.0,0.0,0.0,0.7000000000000001,0.8468094121566816,0.2418010005558643,14,0.6666666666666666,0.6666666666666666,Samalkot
436,0.0,0.0,0.0,0.0,0.0,0.0,0.0,0.0,0.7000000000000001,0.5392276666816422,0.2423568649249582,14,0.6666666666666666,0.6666666666666666,Kakinada
437,0.0,0.0,0.0,0.0,0.0,0.0,0.0,0.0,0.7000000000000001,0.2840521113587431,0.2429127292940522,14,0.6666666666666666,0.6666666666666666,Kakinada
438,0.0,0.0,0.0,0.0,0.0,0.0,0.0,0.0,0.65,0.1303113476583721,0.2434685936631462,13,0.6190476190476191,0.619047619047619,Vijayawada
439,0.0,0.0,0.0,0.0,0.0,0.0,0.0,0.0,0.65,0.6739519204145379,0.2440244580322401,13,0.6190476190476191,0.619047619047619,Vijayawada
440,0.0,0.0,0.0,0.0,0.0,0.0,0.0,0.0,0.65,0.7552228838075592,0.244580322401334,13,0.6190476190476191,0.619047619047619,Samalkot
441,0.0,0.0,0.0,0.0,0.0,0.0,0.0,0.0,0.65,0.4216078339924805,0.245136186770428,13,0.6190476190476191,0.619047619047619,Vijayawada
442,0.0,0.0,0.0,0.0,0.0,0.0,0.0,0.0,0.65,0.7840419339689229,0.2456920511395219,13,0.6190476190476191,0.619047619047619,Vizag
443,0.0,0.0,0.0,0.0,0.0,0.0,0.0,0.0,0.65,0.0779699894803831,0.2462479155086158,13,0.6190476190476191,0.619047619047619,Vizag
444,0.0,0.0,0.0,0.0,0.0,0.0,0.0,0.0,0.65,0.7741985123391815,0.2468037798777098,13,0.6190476190476191,0.619047619047619,Hyderabad
445,0.0,0.0,0.0,0.0,0.0,0.0,0.0,0.0,0.65,0.661556398056127,0.2473596442468038,13,0.6190476190476191,0.619047619047619,Samalkot
446,0.0,0.0,0.0,0.0,0.0,0.0,0.0,0.0,0.65,0.280592994798083,0.2479155086158977,13,0.6190476190476191,0.619047619047619,Vijayawada
447,0.0,0.0,0.0,0.0,0.0,0.0,0.0,0.0,0.65,0.8511722265783268,0.2484713729849916,13,0.6190476190476191,0.619047619047619,Vijayawada
448,0.0,0.0,0.0,0.0,0.0,0.0,0.0,0.0,0.65,0.1969668459328837,0.2490272373540856,13,0.6190476190476191,0.619047619047619,Hyderabad
449,0.0,0.0,0.0,0.0,0.0,0.0,0.0,0.0,0.65,0.7823615277481353,0.2495831017231795,13,0.6190476190476191,0.619047619047619,Vijayawada
450,0.0,0.0,0.0,0.0,0.0,0.0,0.0,0.0,0.65,0.7979467225582715,0.2501389660922735,13,0.6190476190476191,0.619047619047619,Vijayawada
451,0.0,0.0714285714285714,0.0,0.0,0.0,0.0,0.0714285714285714,0.0,0.65,0.0907107684350567,0.2506948304613673,14,0.6666666666666666,0.6666666666666666,Vijayawada
452,0.0,0.0,0.0,0.0714285714285714,0.0,0.0,0.0,0.0714285714285714,0.65,0.6063901929610267,0.2512506948304613,14,0.6190476190476191,0.619047619047619,Kakinada
453,0.0,0.0,0.0,0.0,0.0,0.0,0.0,0.0,0.7000000000000001,0.9139153132312569,0.2518065591995553,14,0.6666666666666666,0.6666666666666666,Samalkot
454,0.0,0.0714285714285714,0.0,0.0,0.0,0.0,0.0714285714285714,0.0,0.7000000000000001,0.0814960095035337,0.2523624235686492,15,0.7142857142857142,0.7142857142857142,Rajahmundry
455,0.0,0.0,0.0,0.0714285714285714,0.0,0.0,0.0,0.0714285714285714,0.7000000000000001,0.2250854617944178,0.2529182879377432,15,0.6666666666666666,0.6666666666666666,Vizag
456,0.0,0.0,0.0,0.0,0.0,0.0,0.0,0.0,0.75,0.9052248207737934,0.2534741523068371,15,0.7142857142857142,0.7142857142857142,Bengaluru
457,0.0,0.0,0.0,0.0,0.0,0.0,0.0,0.0,0.75,0.6269433495162868,0.254030016675931,15,0.7142857142857142,0.7142857142857142,Bengaluru
458,0.0,0.0,0.0,0.0,0.0,0.0,0.0,0.0,0.7000000000000001,0.8683487204321647,0.254585881045025,14,0.6666666666666666,0.6666666666666666,Kakinada
459,0.0,0.0,0.0,0.0,0.0,0.0,0.0,0.0,0.7000000000000001,0.161496273196448,0.2551417454141189,14,0.6666666666666666,0.6666666666666666,Kakinada
460,0.0,0.0,0.0,0.0,0.0,0.0,0.0,0.0,0.65,0.1621233118621989,0.2556976097832129,13,0.6190476190476191,0.619047619047619,Hyderabad
461,0.0,0.0,0.0,0.0,0.0,0.0,0.0,0.0,0.65,0.2859301399501548,0.2562534741523068,13,0.6190476190476191,0.619047619047619,Bengaluru
462,0.0,0.0,0.0,0.0,0.0,0.0,0.0,0.0,0.65,0.7154217719128744,0.2568093385214007,13,0.6190476190476191,0.619047619047619,Hyderabad
463,0.0,0.0714285714285714,0.0,0.0,0.0,0.0,0.0714285714285714,0.0,0.6000000000000001,0.0762050658358517,0.2573652028904947,13,0.6190476190476191,0.619047619047619,Samalkot
464,0.0,0.0,0.0,0.0714285714285714,0.0,0.0,0.0,0.0714285714285714,0.6000000000000001,0.416170617604886,0.2579210672595887,13,0.5714285714285714,0.5714285714285713,Bengaluru
465,0.0,0.0,0.0,0.0,0.0,0.0,0.0,0.0,0.65,0.7872060016006406,0.2584769316286825,13,0.6190476190476191,0.619047619047619,Bengaluru
466,0.0,0.0,0.0,0.0,0.0,0.0,0.0,0.0,0.65,0.3728694914902299,0.2590327959977765,13,0.6190476190476191,0.619047619047619,Hyderabad
467,0.0,0.0,0.0,0.0,0.0,0.0,0.0,0.0,0.65,0.694615228612792,0.2595886603668704,13,0.6190476190476191,0.619047619047619,Bengaluru
468,0.0,0.0,0.0,0.0,0.0,0.0,0.0,0.0,0.65,0.2678548144107968,0.2601445247359644,13,0.6190476190476191,0.619047619047619,Vijayawada
469,0.0,0.0,0.0,0.0,0.0,0.0,0.0,0.0,0.65,0.294648792698488,0.2607003891050583,13,0.6190476190476191,0.619047619047619,Vijayawada
470,0.0,0.0,0.0,0.0,0.0,0.0,0.0,0.0,0.65,0.5911065055829223,0.2612562534741522,13,0.6190476190476191,0.619047619047619,Hyderabad
471,0.0,0.0,0.0,0.0,0.0,0.0,0.0,0.0,0.65,0.7867434519649861,0.2618121178432462,13,0.6190476190476191,0.619047619047619,Rajahmundry
472,0.0,0.0,0.0,0.0,0.0,0.0,0.0,0.0,0.65,0.6241785417565866,0.2623679822123401,13,0.6190476190476191,0.619047619047619,Vizag
473,0.0,0.0,0.0,0.0,0.0,0.0,0.0,0.0,0.65,0.9709223741284368,0.2629238465814341,13,0.6190476190476191,0.619047619047619,Vizag
474,0.0,0.0,0.0,0.0,0.0,0.0,0.0,0.0,0.6000000000000001,0.4215283570826116,0.2634797109505281,12,0.5714285714285714,0.5714285714285713,Vijayawada
475,0.0,0.0714285714285714,0.0,0.0,0.0,0.0,0.0714285714285714,0.0,0.55,0.8641206857275425,0.264035575319622,12,0.5714285714285714,0.5714285714285713,Samalkot
476,0.0,0.0,0.0,0.0714285714285714,0.0,0.0,0.0,0.0714285714285714,0.55,0.1626398065265863,0.2645914396887159,12,0.5238095238095237,0.5238095238095237,Bengaluru
477,0.0,0.0,0.0,0.0,0.0,0.0,0.0,0.0,0.6000000000000001,0.966917157702012,0.2651473040578099,12,0.5714285714285714,0.5714285714285713,Vizag
478,0.0,0.0,0.0,0.0,0.0,0.0,0.0,0.0,0.6000000000000001,0.6929166093021137,0.2657031684269038,12,0.5714285714285714,0.5714285714285713,Rajahmundry
479,0.0,0.0,0.0,0.0,0.0,0.0,0.0,0.0,0.6000000000000001,0.8144837768264295,0.2662590327959978,12,0.5714285714285714,0.5714285714285713,Hyderabad
480,0.0,0.0,0.0,0.0,0.0,0.0,0.0,0.0,0.55,0.5626773789673498,0.2668148971650917,11,0.5238095238095237,0.5238095238095237,Hyderabad
481,0.0,0.0714285714285714,0.0,0.0,0.0,0.0,0.0714285714285714,0.0,0.55,0.236444148058283,0.2673707615341856,12,0.5714285714285714,0.5714285714285713,Hyderabad
482,0.0,0.0,0.0,0.0714285714285714,0.0,0.0,0.0,0.0714285714285714,0.6000000000000001,0.7814494831765373,0.2679266259032796,13,0.5714285714285714,0.5714285714285713,Rajahmundry
483,0.0,0.0,0.0,0.0,0.0,0.0,0.0,0.0,0.65,0.229369706267926,0.2684824902723736,13,0.6190476190476191,0.619047619047619,Hyderabad
484,0.0,0.0,0.0,0.0,0.0,0.0,0.0,0.0,0.65,0.2896186007393033,0.2690383546414674,13,0.6190476190476191,0.619047619047619,Vijayawada
485,0.0,0.0,0.0,0.0,0.0,0.0,0.0,0.0,0.65,0.4716190207321138,0.2695942190105614,13,0.6190476190476191,0.619047619047619,Vizag
486,0.0,0.0,0.0,0.0,0.0,0.0,0.0,0.0,0.65,0.3795204024500722,0.2701500833796553,13,0.6190476190476191,0.619047619047619,Hyderabad
487,0.0,0.0,0.0,0.0,0.0,0.0,0.0,0.0,0.65,0.974858753441435,0.2707059477487493,13,0.6190476190476191,0.619047619047619,Rajahmundry
488,0.0,0.0714285714285714,0.0,0.0,0.0,0.0,0.0714285714285714,0.0,0.65,0.7045211657325632,0.2712618121178432,14,0.6666666666666666,0.6666666666666666,Vizag
489,0.0,0.0,0.0,0.0714285714285714,0.0,0.0,0.0,0.0714285714285714,0.65,0.1628989519863408,0.2718176764869372,14,0.6190476190476191,0.619047619047619,Kakinada
490,0.0,0.0,0.0,0.0,0.0,0.0,0.0,0.0,0.7000000000000001,0.0060692902354122,0.2723735408560311,14,0.6666666666666666,0.6666666666666666,Vijayawada
491,0.0,0.0714285714285714,0.0,0.0,0.0,0.0,0.0714285714285714,0.0,0.7000000000000001,0.7318430830866214,0.2729294052251251,15,0.7142857142857142,0.7142857142857142,Hyderabad
492,0.0,0.0,0.0,0.0714285714285714,0.0,0.0,0.0,0.0714285714285714,0.65,0.4409893456916662,0.273485269594219,14,0.6190476190476191,0.619047619047619,Vijayawada
493,0.0,0.0,0.0,0.0,0.0,0.0,0.0,0.0,0.7000000000000001,0.9677041264766952,0.274041133963313,14,0.6666666666666666,0.6666666666666666,Vizag
494,0.0,0.0,0.0,0.0,0.0,0.0,0.0,0.0,0.7000000000000001,0.7437702642187913,0.2745969983324068,14,0.6666666666666666,0.6666666666666666,Vizag
495,0.0,0.0,0.0,0.0,0.0,0.0,0.0,0.0,0.7000000000000001,0.5111327592119217,0.2751528627015008,14,0.6666666666666666,0.6666666666666666,Bengaluru
496,0.0,0.0,0.0,0.0,0.0,0.0,0.0,0.0,0.7000000000000001,0.375024879659076,0.2757087270705947,14,0.6666666666666666,0.6666666666666666,Rajahmundry
497,0.0,0.0,0.0,0.0,0.0,0.0,0.0,0.0,0.7000000000000001,0.9408946835365186,0.2762645914396887,14,0.6666666666666666,0.6666666666666666,Bengaluru
498,0.0,0.0,0.0,0.0,0.0,0.0,0.0,0.0,0.7000000000000001,0.563117884208143,0.2768204558087827,14,0.6666666666666666,0.6666666666666666,Bengaluru
499,0.0,0.0714285714285714,0.0,0.0,0.0,0.0,0.0714285714285714,0.0,0.7000000000000001,0.8171309497250905,0.2773763201778766,15,0.7142857142857142,0.7142857142857142,Kakinada
500,0.0,0.0,0.0,0.0714285714285714,0.0,0.0,0.0,0.0714285714285714,0.7000000000000001,0.9188376865628504,0.2779321845469705,15,0.6666666666666666,0.6666666666666666,Samalkot
501,0.0,0.0,0.0,0.0,0.0,0.0,0.0,0.0,0.75,0.5793081280737786,0.2784880489160645,15,0.7142857142857142,0.7142857142857142,Rajahmundry
502,0.0,0.0,0.0,0.0,0.0,0.0,0.0,0.0,0.75,0.2062859180441392,0.2790439132851584,15,0.7142857142857142,0.7142857142857142,Bengaluru
503,0.0,0.0,0.0,0.0,0.0,0.0,0.0,0.0,0.7000000000000001,0.4073599804978545,0.2795997776542523,14,0.6666666666666666,0.6666666666666666,Hyderabad
504,0.0,0.0,0.0,0.0,0.0,0.0,0.0,0.0,0.7000000000000001,0.9290306232726238,0.2801556420233463,14,0.6666666666666666,0.6666666666666666,Bengaluru
505,0.0,0.0,0.0,0.0,0.0,0.0,0.0,0.0,0.7000000000000001,0.0667405956786726,0.2807115063924402,14,0.6666666666666666,0.6666666666666666,Hyderabad
506,0.0,0.0,0.0,0.0,0.0,0.0,0.0,0.0,0.7000000000000001,0.7153611297186218,0.2812673707615342,14,0.6666666666666666,0.6666666666666666,Vizag
507,0.0,0.0714285714285714,0.0,0.0,0.0,0.0,0.0714285714285714,0.0,0.7000000000000001,0.6226249363161758,0.2818232351306281,15,0.7142857142857142,0.7142857142857142,Hyderabad
508,0.0,0.0714285714285714,0.0,0.0714285714285714,0.0,0.0,0.0714285714285714,0.0714285714285714,0.7000000000000001,0.4429888326763327,0.282379099499722,16,0.7142857142857142,0.7142857142857142,Vijayawada
509,0.0,0.0,0.0,0.0714285714285714,0.0,0.0,0.0,0.0714285714285714,0.75,0.9137284342437864,0.282934963868816,16,0.7142857142857142,0.7142857142857142,Vijayawada
510,0.0,0.0,0.0,0.0,0.0,0.0,0.0,0.0,0.8,0.6191186882182058,0.2834908282379099,16,0.7619047619047619,0.7619047619047619,Kakinada
511,0.0,0.0,0.0,0.0,0.0,0.0,0.0,0.0,0.8,0.3132492248464282,0.2840466926070039,16,0.7619047619047619,0.7619047619047619,Vijayawada
512,0.0,0.0,0.0,0.0,0.0,0.0,0.0,0.0,0.8,0.5336172027143216,0.2846025569760978,16,0.7619047619047619,0.7619047619047619,Kakinada
513,0.0,0.0,0.0,0.0,0.0,0.0,0.0,0.0,0.8,0.7539622584307819,0.2851584213451918,16,0.7619047619047619,0.7619047619047619,Vijayawada
514,0.0,0.0,0.0,0.0,0.0,0.0,0.0,0.0,0.8,0.2425442460824385,0.2857142857142857,16,0.7619047619047619,0.7619047619047619,Vizag
515,0.0,0.0,0.0,0.0,0.0,0.0,0.0,0.0,0.8,0.6521482930926932,0.2862701500833797,16,0.7619047619047619,0.7619047619047619,Kakinada
516,0.0,0.0,0.0,0.0,0.0,0.0,0.0,0.0,0.75,0.4706756072107516,0.2868260144524736,15,0.7142857142857142,0.7142857142857142,Rajahmundry
517,0.0,0.0,0.0,0.0,0.0,0.0,0.0,0.0,0.75,0.5259678739069082,0.2873818788215675,15,0.7142857142857142,0.7142857142857142,Hyderabad
518,0.0,0.0,0.0,0.0,0.0,0.0,0.0,0.0,0.7000000000000001,0.8136246637740625,0.2879377431906614,14,0.6666666666666666,0.6666666666666666,Samalkot
519,0.0,0.0,0.0,0.0,0.0,0.0,0.0,0.0,0.7000000000000001,0.901056157228759,0.2884936075597554,14,0.6666666666666666,0.6666666666666666,Vizag
520,0.0,0.0,0.0,0.0,0.0,0.0,0.0,0.0,0.65,0.0779399906245341,0.2890494719288493,13,0.6190476190476191,0.619047619047619,Bengaluru
521,0.0,0.0,0.0,0.0,0.0,0.0,0.0,0.0,0.65,0.5442123528778209,0.2896053362979433,13,0.6190476190476191,0.619047619047619,Hyderabad
522,0.0,0.0,0.0,0.0,0.0,0.0,0.0,0.0,0.65,0.2699898928867423,0.2901612006670372,13,0.6190476190476191,0.619047619047619,Vijayawada
523,0.0,0.0714285714285714,0.0,0.0,0.0,0.0,0.0714285714285714,0.0,0.65,0.624468049673256,0.2907170650361312,14,0.6666666666666666,0.6666666666666666,Kakinada
524,0.0,0.0,0.0,0.0714285714285714,0.0,0.0,0.0,0.0714285714285714,0.65,0.0004399568655502,0.2912729294052251,14,0.6190476190476191,0.619047619047619,Bengaluru
525,0.0,0.0714285714285714,0.0,0.0,0.0,0.0,0.0714285714285714,0.0,0.7000000000000001,0.2521222427284557,0.2918287937743191,15,0.7142857142857142,0.7142857142857142,Vizag
526,0.0,0.0,0.0,0.0714285714285714,0.0,0.0,0.0,0.0714285714285714,0.65,0.2145952289668398,0.2923846581434129,14,0.6190476190476191,0.619047619047619,Vizag
527,0.0,0.0,0.0,0.0,0.0,0.0,0.0,0.0,0.7000000000000001,0.1321179152526936,0.2929405225125069,14,0.6666666666666666,0.6666666666666666,Vijayawada
528,0.0,0.0,0.0,0.0,0.0,0.0,0.0,0.0,0.65,0.8366227889340316,0.2934963868816009,13,0.6190476190476191,0.619047619047619,Hyderabad
529,0.0,0.0,0.0,0.0,0.0,0.0,0.0,0.0,0.65,0.24464848920417,0.2940522512506948,13,0.6190476190476191,0.619047619047619,Kakinada
530,0.0,0.0,0.0,0.0,0.0,0.0,0.0,0.0,0.65,0.1956725917955721,0.2946081156197888,13,0.6190476190476191,0.619047619047619,Samalkot
531,0.0,0.0,0.0,0.0,0.0,0.0,0.0,0.0,0.7000000000000001,0.40982802880525,0.2951639799888827,14,0.6666666666666666,0.6666666666666666,Samalkot
532,0.0,0.0714285714285714,0.0,0.0,0.0,0.0,0.0714285714285714,0.0,0.7000000000000001,0.6817232903937331,0.2957198443579766,15,0.7142857142857142,0.7142857142857142,Hyderabad
533,0.0,0.0,0.0,0.0714285714285714,0.0,0.0,0.0,0.0714285714285714,0.7000000000000001,0.1279973000098395,0.2962757087270706,15,0.6666666666666666,0.6666666666666666,Samalkot
534,0.0,0.0,0.0,0.0,0.0,0.0,0.0,0.0,0.75,0.4302878907840068,0.2968315730961645,15,0.7142857142857142,0.7142857142857142,Rajahmundry
535,0.0,0.0,0.0,0.0,0.0,0.0,0.0,0.0,0.7000000000000001,0.1655125056600235,0.2973874374652585,14,0.6666666666666666,0.6666666666666666,Samalkot
536,0.0,0.0,0.0,0.0,0.0,0.0,0.0,0.0,0.7000000000000001,0.21791538092696,0.2979433018343524,14,0.6666666666666666,0.6666666666666666,Kakinada
537,0.0,0.0,0.0,0.0,0.0,0.0,0.0,0.0,0.7000000000000001,0.3869456094515628,0.2984991662034463,14,0.6666666666666666,0.6666666666666666,Hyderabad
538,0.0,0.0,0.0,0.0,0.0,0.0,0.0,0.0,0.7000000000000001,0.1081371275858997,0.2990550305725403,14,0.6666666666666666,0.6666666666666666,Vizag
539,0.0,0.0,0.0,0.0,0.0,0.0,0.0,0.0,0.7000000000000001,0.420309203909994,0.2996108949416342,14,0.6666666666666666,0.6666666666666666,Kakinada
540,0.0,0.0,0.0,0.0,0.0,0.0,0.0,0.0,0.65,0.6311937801397667,0.3001667593107281,13,0.6190476190476191,0.619047619047619,Hyderabad
541,0.0,0.0,0.0,0.0,0.0,0.0,0.0,0.0,0.65,0.5036443046282184,0.3007226236798221,13,0.6190476190476191,0.619047619047619,Samalkot
542,0.0,0.0,0.0,0.0,0.0,0.0,0.0,0.0,0.65,0.4184661236582363,0.301278488048916,13,0.6190476190476191,0.619047619047619,Vizag
543,0.0,0.0,0.0,0.0,0.0,0.0,0.0,0.0,0.65,0.460384623588643,0.30183435241801,13,0.6190476190476191,0.619047619047619,Rajahmundry
544,0.0,0.0,0.0,0.0,0.0,0.0,0.0,0.0,0.65,0.1070003597469881,0.3023902167871039,13,0.6190476190476191,0.619047619047619,Vijayawada
545,0.0,0.0,0.0,0.0,0.0,0.0,0.0,0.0,0.65,0.1547423482161602,0.3029460811561979,13,0.6190476190476191,0.619047619047619,Kakinada
546,0.0,0.0,0.0,0.0,0.0,0.0,0.0,0.0,0.65,0.946178950274068,0.3035019455252918,13,0.6190476190476191,0.619047619047619,Kakinada
547,0.0,0.0714285714285714,0.0,0.0,0.0,0.0,0.0714285714285714,0.0,0.65,0.4199828690019473,0.3040578098943857,14,0.6666666666666666,0.6666666666666666,Samalkot
548,0.0,0.0,0.0,0.0714285714285714,0.0,0.0,0.0,0.0714285714285714,0.65,0.54283258265449,0.3046136742634797,14,0.6190476190476191,0.619047619047619,Kakinada
549,0.0,0.0,0.0,0.0,0.0,0.0,0.0,0.0,0.7000000000000001,0.3203364233265304,0.3051695386325737,14,0.6666666666666666,0.6666666666666666,Rajahmundry
550,0.0,0.0,0.0,0.0,0.0,0.0,0.0,0.0,0.7000000000000001,0.226080741581417,0.3057254030016675,14,0.6666666666666666,0.6666666666666666,Samalkot
551,0.0,0.0,0.0,0.0,0.0,0.0,0.0,0.0,0.7000000000000001,0.6155742391675834,0.3062812673707615,14,0.6666666666666666,0.6666666666666666,Samalkot
552,0.0,0.0,0.0,0.0,0.0,0.0,0.0,0.0,0.7000000000000001,0.859739270124591,0.3068371317398554,14,0.6666666666666666,0.6666666666666666,Vijayawada
553,0.0,0.0,0.0,0.0,0.0,0.0,0.0,0.0,0.65,0.0548564767143875,0.3073929961089494,13,0.6190476190476191,0.619047619047619,Rajahmundry
554,0.0,0.0,0.0,0.0,0.0,0.0,0.0,0.0,0.65,0.6827619646218854,0.3079488604780433,13,0.6190476190476191,0.619047619047619,Samalkot
555,0.0,0.0,0.0,0.0,0.0,0.0,0.0,0.0,0.65,0.2418236618617353,0.3085047248471373,13,0.6190476190476191,0.619047619047619,Hyderabad
556,0.0,0.0,0.0,0.0,0.0,0.0,0.0,0.0,0.65,0.8285215285471192,0.3090605892162312,13,0.6190476190476191,0.619047619047619,Rajahmundry
557,0.0,0.0,0.0,0.0,0.0,0.0,0.0,0.0,0.65,0.4928158816537247,0.3096164535853251,13,0.6190476190476191,0.619047619047619,Bengaluru
558,0.0,0.0,0.0,0.0,0.0,0.0,0.0,0.0,0.65,0.2455388196375814,0.3101723179544191,13,0.6190476190476191,0.619047619047619,Vijayawada
559,0.0,0.0714285714285714,0.0,0.0,0.0,0.0,0.0714285714285714,0.0,0.65,0.3369242775019376,0.310728182323513,14,0.6666666666666666,0.6666666666666666,Vizag
560,0.0,0.0,0.0,0.0714285714285714,0.0,0.0,0.0,0.0714285714285714,0.6000000000000001,0.3389363849759543,0.311284046692607,13,0.5714285714285714,0.5714285714285713,Rajahmundry
561,0.0,0.0,0.0,0.0,0.0,0.0,0.0,0.0,0.65,0.3767534934938643,0.3118399110617009,13,0.6190476190476191,0.619047619047619,Kakinada
562,0.0,0.0,0.0,0.0,0.0,0.0,0.0,0.0,0.6000000000000001,0.8436880279416827,0.3123957754307948,12,0.5714285714285714,0.5714285714285713,Vizag
563,0.0,0.0714285714285714,0.0,0.0,0.0,0.0,0.0714285714285714,0.0,0.6000000000000001,0.5294930777315354,0.3129516397998888,13,0.6190476190476191,0.619047619047619,Kakinada
564,0.0,0.0,0.0,0.0714285714285714,0.0,0.0,0.0,0.0714285714285714,0.6000000000000001,0.294779749047509,0.3135075041689827,13,0.5714285714285714,0.5714285714285713,Kakinada
565,0.0,0.0,0.0,0.0,0.0,0.0,0.0,0.0,0.65,0.8231068249437772,0.3140633685380766,13,0.6190476190476191,0.619047619047619,Vijayawada
566,0.0,0.0,0.0,0.0,0.0,0.0,0.0,0.0,0.65,0.1625869760969229,0.3146192329071706,13,0.6190476190476191,0.619047619047619,Bengaluru
567,0.0,0.0,0.0,0.0,0.0,0.0,0.0,0.0,0.65,0.3921563667290522,0.3151750972762646,13,0.6190476190476191,0.619047619047619,Hyderabad
568,0.0,0.0714285714285714,0.0,0.0,0.0,0.0,0.0714285714285714,0.0,0.65,0.2294336006018531,0.3157309616453585,14,0.6666666666666666,0.6666666666666666,Kakinada
569,0.0,0.0,0.0,0.0714285714285714,0.0,0.0,0.0,0.0714285714285714,0.65,0.1389625513062578,0.3162868260144524,14,0.6190476190476191,0.619047619047619,Bengaluru
570,0.0,0.0,0.0,0.0,0.0,0.0,0.0,0.0,0.7000000000000001,0.6548335461397183,0.3168426903835464,14,0.6666666666666666,0.6666666666666666,Rajahmundry
571,0.0,0.0,0.0,0.0,0.0,0.0,0.0,0.0,0.7000000000000001,0.9171576041799778,0.3173985547526403,14,0.6666666666666666,0.6666666666666666,Samalkot
572,0.0,0.0,0.0,0.0,0.0,0.0,0.0,0.0,0.7000000000000001,0.9911341772291196,0.3179544191217342,14,0.6666666666666666,0.6666666666666666,Kakinada
573,0.0,0.0,0.0,0.0,0.0,0.0,0.0,0.0,0.7000000000000001,0.7331438570255,0.3185102834908282,14,0.6666666666666666,0.6666666666666666,Bengaluru
574,0.0,0.0,0.0,0.0,0.0,0.0,0.0,0.0,0.7000000000000001,0.6137664551399005,0.3190661478599221,14,0.6666666666666666,0.6666666666666666,Vizag
575,0.0,0.0,0.0,0.0,0.0,0.0,0.0,0.0,0.7000000000000001,0.6650187118259243,0.3196220122290161,14,0.6666666666666666,0.6666666666666666,Bengaluru
576,0.0,0.0,0.0,0.0,0.0,0.0,0.0,0.0,0.7000000000000001,0.4685856865543285,0.32017787659811,14,0.6666666666666666,0.6666666666666666,Vizag
577,0.0,0.1428571428571428,0.0,0.0,0.0,0.0,0.1428571428571428,0.0,0.7000000000000001,0.0323906404350349,0.320733740967204,16,0.7619047619047619,0.7619047619047619,Bengaluru
578,0.0,0.0,0.0,0.1428571428571428,0.0,0.0,0.0,0.1428571428571428,0.7000000000000001,0.1526720902556313,0.3212896053362979,16,0.6666666666666666,0.6666666666666666,Vizag
579,0.0,0.0,0.0,0.0,0.0,0.0,0.0,0.0,0.8,0.403182890178005,0.3218454697053919,16,0.7619047619047619,0.7619047619047619,Bengaluru
580,0.0,0.0,0.0,0.0,0.0,0.0,0.0,0.0,0.8,0.505318177798119,0.3224013340744857,16,0.7619047619047619,0.7619047619047619,Bengaluru
581,0.0,0.0714285714285714,0.0,0.0,0.0,0.0,0.0714285714285714,0.0,0.8,0.4971406930311086,0.3229571984435798,17,0.8095238095238095,0.8095238095238094,Samalkot
582,0.0,0.0714285714285714,0.0,0.0714285714285714,0.0,0.0,0.0714285714285714,0.0714285714285714,0.8,0.8637179997011137,0.3235130628126736,18,0.8095238095238095,0.8095238095238094,Bengaluru
583,0.0,0.0,0.0,0.0714285714285714,0.0,0.0,0.0,0.0714285714285714,0.8,0.873655254750447,0.3240689271817676,17,0.7619047619047619,0.7619047619047619,Kakinada
584,0.0,0.0,0.0,0.0,0.0,0.0,0.0,0.0,0.8500000000000001,0.2995975962485917,0.3246247915508615,17,0.8095238095238095,0.8095238095238094,Kakinada
585,0.0,0.0,0.0,0.0,0.0,0.0,0.0,0.0,0.8,0.0737344538238478,0.3251806559199555,16,0.7619047619047619,0.7619047619047619,Hyderabad
586,0.0,0.0,0.0,0.0,0.0,0.0,0.0,0.0,0.8,0.6604208691878755,0.3257365202890494,16,0.7619047619047619,0.7619047619047619,Vijayawada
587,0.0,0.0,0.0,0.0,0.0,0.0,0.0,0.0,0.8,0.1591463440263218,0.3262923846581433,16,0.7619047619047619,0.7619047619047619,Hyderabad
588,0.0,0.0,0.0,0.0,0.0,0.0,0.0,0.0,0.8,0.1008731362460499,0.3268482490272373,16,0.7619047619047619,0.7619047619047619,Samalkot
589,0.0,0.0,0.0,0.0,0.0,0.0,0.0,0.0,0.8,0.7145146491975989,0.3274041133963313,16,0.7619047619047619,0.7619047619047619,Bengaluru
590,0.0,0.0,0.0,0.0,0.0,0.0,0.0,0.0,0.75,0.6328768066492445,0.3279599777654252,15,0.7142857142857142,0.7142857142857142,Vijayawada
591,0.0,0.0714285714285714,0.0,0.0,0.0,0.0,0.0714285714285714,0.0,0.65,0.5131530896216019,0.3285158421345192,14,0.6666666666666666,0.6666666666666666,Vizag
592,0.0,0.0,0.0,0.0714285714285714,0.0,0.0,0.0,0.0714285714285714,0.7000000000000001,0.7356506762967172,0.329071706503613,15,0.6666666666666666,0.6666666666666666,Rajahmundry
593,0.0,0.0,0.0,0.0,0.0,0.0,0.0,0.0,0.75,0.7954920078515382,0.329627570872707,15,0.7142857142857142,0.7142857142857142,Bengaluru
594,0.0,0.0,0.0,0.0,0.0,0.0,0.0,0.0,0.7000000000000001,0.9356517560044648,0.330183435241801,14,0.6666666666666666,0.6666666666666666,Vijayawada
595,0.0,0.0,0.0,0.0,0.0,0.0,0.0,0.0,0.7000000000000001,0.1682855142245503,0.3307392996108949,14,0.6666666666666666,0.6666666666666666,Kakinada
596,0.0,0.0,0.0,0.0,0.0,0.0,0.0,0.0,0.7000000000000001,0.1598001612457975,0.3312951639799888,14,0.6666666666666666,0.6666666666666666,Bengaluru
597,0.0,0.0,0.0,0.0,0.0,0.0,0.0,0.0,0.7000000000000001,0.6469729155294215,0.3318510283490828,14,0.6666666666666666,0.6666666666666666,Samalkot
598,0.0,0.0,0.0,0.0,0.0,0.0,0.0,0.0,0.7000000000000001,0.5994788618240512,0.3324068927181767,14,0.6666666666666666,0.6666666666666666,Rajahmundry
599,0.0,0.0714285714285714,0.0,0.0,0.0,0.0,0.0714285714285714,0.0,0.7000000000000001,0.4120129645729469,0.3329627570872707,15,0.7142857142857142,0.7142857142857142,Bengaluru
600,0.0,0.0,0.0,0.0714285714285714,0.0,0.0,0.0,0.0714285714285714,0.7000000000000001,0.5574122800562895,0.3335186214563646,15,0.6666666666666666,0.6666666666666666,Hyderabad
601,0.0,0.0714285714285714,0.0,0.0,0.0,0.0,0.0714285714285714,0.0,0.75,0.8594529457040325,0.3340744858254585,16,0.7619047619047619,0.7619047619047619,Vizag
602,0.0,0.0,0.0,0.0714285714285714,0.0,0.0,0.0,0.0714285714285714,0.75,0.3036845094448122,0.3346303501945524,16,0.7142857142857142,0.7142857142857142,Samalkot
603,0.0,0.0,0.0,0.0,0.0,0.0,0.0,0.0,0.8,0.9562047584504544,0.3351862145636465,16,0.7619047619047619,0.7619047619047619,Hyderabad
604,0.0,0.0,0.0,0.0,0.0,0.0,0.0,0.0,0.8,0.8844647767664553,0.3357420789327404,16,0.7619047619047619,0.7619047619047619,Samalkot
605,0.0,0.0,0.0,0.0,0.0,0.0,0.0,0.0,0.8,0.3523964464421458,0.3362979433018344,16,0.7619047619047619,0.7619047619047619,Kakinada
606,0.0,0.0714285714285714,0.0,0.0,0.0,0.0,0.0714285714285714,0.0,0.8,0.5646795417832751,0.3368538076709282,17,0.8095238095238095,0.8095238095238094,Hyderabad
607,0.0,0.0714285714285714,0.0,0.0,0.0,0.0,0.0714285714285714,0.0,0.8,0.2316523578366802,0.3374096720400222,17,0.8095238095238095,0.8095238095238094,Bengaluru
608,0.0,0.0714285714285714,0.0,0.0714285714285714,0.0,0.0,0.0714285714285714,0.0714285714285714,0.8,0.8143091354058627,0.3379655364091161,18,0.8095238095238095,0.8095238095238094,Vijayawada
609,0.0,0.0,0.0,0.0714285714285714,0.0,0.0,0.0,0.0714285714285714,0.8500000000000001,0.8599793651333241,0.3385214007782101,18,0.8095238095238095,0.8095238095238094,Hyderabad
610,0.0,0.0,0.0,0.0,0.0,0.0,0.0,0.0,0.8500000000000001,0.4901083907441477,0.3390772651473039,17,0.8095238095238095,0.8095238095238094,Vijayawada
611,0.0,0.0714285714285714,0.0,0.0,0.0,0.0,0.0714285714285714,0.0,0.8500000000000001,0.336694803611822,0.339633129516398,18,0.8571428571428571,0.857142857142857,Bengaluru
612,0.0,0.0,0.0,0.0714285714285714,0.0,0.0,0.0,0.0714285714285714,0.8,0.5555794014250055,0.3401889938854919,17,0.7619047619047619,0.7619047619047619,Bengaluru
613,0.0,0.0714285714285714,0.0,0.0,0.0,0.0,0.0714285714285714,0.0,0.8500000000000001,0.2323918614259106,0.3407448582545859,18,0.8571428571428571,0.857142857142857,Kakinada
614,0.0,0.0,0.0,0.0714285714285714,0.0,0.0,0.0,0.0714285714285714,0.8500000000000001,0.3715273408792532,0.3413007226236798,18,0.8095238095238095,0.8095238095238094,Bengaluru
615,0.0,0.0,0.0,0.0,0.0,0.0,0.0,0.0,0.8500000000000001,0.7131326776863876,0.3418565869927737,17,0.8095238095238095,0.8095238095238094,Bengaluru
616,0.0,0.0,0.0,0.0,0.0,0.0,0.0,0.0,0.8,0.6703154541150091,0.3424124513618676,16,0.7619047619047619,0.7619047619047619,Hyderabad
617,0.0,0.0,0.0,0.0,0.0,0.0,0.0,0.0,0.8,0.6101119282499801,0.3429683157309616,16,0.7619047619047619,0.7619047619047619,Samalkot
618,0.0,0.0,0.0,0.0,0.0,0.0,0.0,0.0,0.8,0.5398070921791183,0.3435241801000556,16,0.7619047619047619,0.7619047619047619,Samalkot
619,0.0,0.0714285714285714,0.0,0.0,0.0,0.0,0.0714285714285714,0.0,0.8,0.9482774408127675,0.3440800444691495,17,0.8095238095238095,0.8095238095238094,Bengaluru
620,0.0,0.0,0.0,0.0714285714285714,0.0,0.0,0.0,0.0714285714285714,0.8,0.7525557311037225,0.3446359088382434,17,0.7619047619047619,0.7619047619047619,Rajahmundry
621,0.0,0.0,0.0,0.0,0.0,0.0,0.0,0.0,0.8500000000000001,0.7532754550081118,0.3451917732073374,17,0.8095238095238095,0.8095238095238094,Rajahmundry
622,0.0,0.0,0.0,0.0,0.0,0.0,0.0,0.0,0.8500000000000001,0.1713978050246987,0.3457476375764313,17,0.8095238095238095,0.8095238095238094,Kakinada
623,0.0,0.0,0.0,0.0,0.0,0.0,0.0,0.0,0.8500000000000001,0.2542105552209404,0.3463035019455253,17,0.8095238095238095,0.8095238095238094,Samalkot
624,0.0,0.0,0.0,0.0,0.0,0.0,0.0,0.0,0.8500000000000001,0.3252874462712909,0.3468593663146192,17,0.8095238095238095,0.8095238095238094,Samalkot
625,0.0,0.0,0.0,0.0,0.0,0.0,0.0,0.0,0.8500000000000001,0.909031961838163,0.3474152306837131,17,0.8095238095238095,0.8095238095238094,Vizag
626,0.0,0.0,0.0,0.0,0.0,0.0,0.0,0.0,0.8500000000000001,0.2834011958147098,0.3479710950528071,17,0.8095238095238095,0.8095238095238094,Samalkot
627,0.0,0.0,0.0,0.0,0.0,0.0,0.0,0.0,0.8500000000000001,0.5462865821964733,0.348526959421901,17,0.8095238095238095,0.8095238095238094,Rajahmundry
628,0.0,0.0,0.0,0.0,0.0,0.0,0.0,0.0,0.8500000000000001,0.7961188933572838,0.349082823790995,17,0.8095238095238095,0.8095238095238094,Samalkot
629,0.0,0.0,0.0,0.0,0.0,0.0,0.0,0.0,0.8,0.4425760654600958,0.3496386881600889,16,0.7619047619047619,0.7619047619047619,Kakinada
630,0.0,0.0714285714285714,0.0,0.0,0.0,0.0,0.0714285714285714,0.0,0.8,0.86963183638836,0.3501945525291828,17,0.8095238095238095,0.8095238095238094,Rajahmundry
631,0.0,0.0714285714285714,0.0,0.0714285714285714,0.0,0.0,0.0714285714285714,0.0714285714285714,0.8,0.1025120395672545,0.3507504168982768,18,0.8095238095238095,0.8095238095238094,Rajahmundry
632,0.0,0.0,0.0,0.0714285714285714,0.0,0.0,0.0,0.0714285714285714,0.8500000000000001,0.6709408608973373,0.3513062812673707,18,0.8095238095238095,0.8095238095238094,Vizag
633,0.0,0.0,0.0,0.0,0.0,0.0,0.0,0.0,0.9,0.3246470844529201,0.3518621456364647,18,0.8571428571428571,0.857142857142857,Vizag
634,0.0,0.0,0.0,0.0,0.0,0.0,0.0,0.0,0.9,0.7966617302471772,0.3524180100055586,18,0.8571428571428571,0.857142857142857,Hyderabad
635,0.0,0.0,0.0,0.0,0.0,0.0,0.0,0.0,0.9,0.5338424349955562,0.3529738743746526,18,0.8571428571428571,0.857142857142857,Vizag
636,0.0,0.0,0.0,0.0,0.0,0.0,0.0,0.0,0.8500000000000001,0.2856780044549181,0.3535297387437465,17,0.8095238095238095,0.8095238095238094,Samalkot
637,0.0,0.0714285714285714,0.0,0.0,0.0,0.0,0.0714285714285714,0.0,0.8500000000000001,0.239449279524839,0.3540856031128404,18,0.8571428571428571,0.857142857142857,Rajahmundry
638,0.0,0.0,0.0,0.0714285714285714,0.0,0.0,0.0,0.0714285714285714,0.8500000000000001,0.1457336702654412,0.3546414674819343,18,0.8095238095238095,0.8095238095238094,Vizag
639,0.0,0.0,0.0,0.0,0.0,0.0,0.0,0.0,0.9,0.7992638452330212,0.3551973318510283,18,0.8571428571428571,0.857142857142857,Hyderabad
640,0.0,0.0714285714285714,0.0,0.0,0.0,0.0,0.0714285714285714,0.0,0.9,0.3987231855832753,0.3557531962201222,19,0.9047619047619048,0.9047619047619048,Vijayawada
641,0.0,0.0,0.0,0.0714285714285714,0.0,0.0,0.0,0.0714285714285714,0.9,0.4843581842353748,0.3563090605892162,19,0.8571428571428571,0.857142857142857,Kakinada
642,0.0,0.0,0.0,0.0,0.0,0.0,0.0,0.0,0.95,0.0560876103521283,0.3568649249583101,19,0.9047619047619048,0.9047619047619048,Samalkot
643,0.0,0.0,0.0,0.0,0.0,0.0,0.0,0.0,0.95,0.4336856664271209,0.3574207893274041,19,0.9047619047619048,0.9047619047619048,Rajahmundry
644,0.0,0.0,0.0,0.0,0.0,0.0,0.0,0.0,0.95,0.2332527219424167,0.357976653696498,19,0.9047619047619048,0.9047619047619048,Kakinada
645,0.0,0.0,0.0,0.0,0.0,0.0,0.0,0.0,0.95,0.2571538879339954,0.358532518065592,19,0.9047619047619048,0.9047619047619048,Kakinada
646,0.0,0.0,0.0,0.0,0.0,0.0,0.0,0.0,0.95,0.3200528761491117,0.3590883824346859,19,0.9047619047619048,0.9047619047619048,Rajahmundry
647,0.0,0.0,0.0,0.0,0.0,0.0,0.0,0.0,0.95,0.4225178093015784,0.3596442468037798,19,0.9047619047619048,0.9047619047619048,Bengaluru
648,0.0,0.0,0.0,0.0,0.0,0.0,0.0,0.0,0.9,0.2544356814271886,0.3602001111728738,18,0.8571428571428571,0.857142857142857,Bengaluru
649,0.0,0.0,0.0,0.0,0.0,0.0,0.0,0.0,0.9,0.6092075114842308,0.3607559755419677,18,0.8571428571428571,0.857142857142857,Kakinada
650,0.0,0.0,0.0,0.0,0.0,0.0,0.0,0.0,0.9,0.9878063685252628,0.3613118399110617,18,0.8571428571428571,0.857142857142857,Samalkot
651,0.0,0.0,0.0,0.0,0.0,0.0,0.0,0.0,0.9,0.67919483611273,0.3618677042801556,18,0.8571428571428571,0.857142857142857,Kakinada
652,0.0,0.0,0.0,0.0,0.0,0.0,0.0,0.0,0.8500000000000001,0.6485541182584769,0.3624235686492495,17,0.8095238095238095,0.8095238095238094,Vizag
653,0.0,0.0,0.0,0.0,0.0,0.0,0.0,0.0,0.8500000000000001,0.0056187697765197,0.3629794330183435,17,0.8095238095238095,0.8095238095238094,Kakinada
654,0.0,0.0,0.0,0.0,0.0,0.0,0.0,0.0,0.8,0.4488014127315438,0.3635352973874374,16,0.7619047619047619,0.7619047619047619,Vijayawada
655,0.0,0.0,0.0,0.0,0.0,0.0,0.0,0.0,0.8,0.3673912963438857,0.3640911617565313,16,0.7619047619047619,0.7619047619047619,Vijayawada
656,0.0,0.0,0.0,0.0,0.0,0.0,0.0,0.0,0.8,0.0324151123934264,0.3646470261256253,16,0.7619047619047619,0.7619047619047619,Samalkot
657,0.0,0.0,0.0,0.0,0.0,0.0,0.0,0.0,0.8,0.5013893591239806,0.3652028904947192,16,0.7619047619047619,0.7619047619047619,Vijayawada
658,0.0,0.0714285714285714,0.0,0.0,0.0,0.0,0.0714285714285714,0.0,0.8,0.0785747908798917,0.3657587548638132,17,0.8095238095238095,0.8095238095238094,Bengaluru
659,0.0,0.0,0.0,0.0714285714285714,0.0,0.0,0.0,0.0714285714285714,0.8,0.4915395321840248,0.3663146192329071,17,0.7619047619047619,0.7619047619047619,Vijayawada
660,0.0,0.0,0.0,0.0,0.0,0.0,0.0,0.0,0.8500000000000001,0.9514275279780406,0.3668704836020011,17,0.8095238095238095,0.8095238095238094,Vijayawada
661,0.0,0.0,0.0,0.0,0.0,0.0,0.0,0.0,0.8500000000000001,0.4690526631582081,0.367426347971095,17,0.8095238095238095,0.8095238095238094,Samalkot
662,0.0,0.0,0.0,0.0,0.0,0.0,0.0,0.0,0.8500000000000001,0.2958057233795681,0.3679822123401889,17,0.8095238095238095,0.8095238095238094,Kakinada
663,0.0,0.0,0.0,0.0,0.0,0.0,0.0,0.0,0.8500000000000001,0.935294142902179,0.3685380767092829,17,0.8095238095238095,0.8095238095238094,Kakinada
664,0.0,0.0,0.0,0.0,0.0,0.0,0.0,0.0,0.8500000000000001,0.6381909020746104,0.3690939410783768,17,0.8095238095238095,0.8095238095238094,Kakinada
665,0.0,0.1428571428571428,0.0,0.0,0.0,0.0,0.1428571428571428,0.0,0.8500000000000001,0.0481075751910713,0.3696498054474708,19,0.9047619047619048,0.9047619047619048,Vijayawada
666,0.0,0.0,0.0,0.1428571428571428,0.0,0.0,0.0,0.1428571428571428,0.8500000000000001,0.2875647897437901,0.3702056698165647,19,0.8095238095238095,0.8095238095238094,Hyderabad
667,0.0,0.0,0.0,0.0,0.0,0.0,0.0,0.0,0.95,0.5827090198278706,0.3707615341856586,19,0.9047619047619048,0.9047619047619048,Vizag
668,0.0,0.0714285714285714,0.0,0.0,0.0,0.0,0.0714285714285714,0.0,0.95,0.1589593148612627,0.3713173985547526,20,0.9523809523809524,0.9523809523809522,Rajahmundry
669,0.0,0.0,0.0,0.0714285714285714,0.0,0.0,0.0,0.0714285714285714,0.95,0.96063589476144,0.3718732629238466,20,0.9047619047619048,0.9047619047619048,Vijayawada
670,0.0,0.0,0.0,0.0,0.0,0.0,0.0,0.0,1.0,0.0225080063851763,0.3724291272929404,20,0.9523809523809524,0.9523809523809522,Bengaluru
671,0.0,0.0,0.0,0.0,0.0,0.0,0.0,0.0,1.0,0.2137094142378568,0.3729849916620344,20,0.9523809523809524,0.9523809523809522,Hyderabad
672,0.0,0.0,0.0,0.0,0.0,0.0,0.0,0.0,0.9,0.0948688593995084,0.3735408560311283,18,0.8571428571428571,0.857142857142857,Bengaluru
673,0.0,0.0,0.0,0.0,0.0,0.0,0.0,0.0,0.9,0.3725170574505849,0.3740967204002223,18,0.8571428571428571,0.857142857142857,Samalkot
674,0.0,0.0,0.0,0.0,0.0,0.0,0.0,0.0,0.9,0.0427292854930374,0.3746525847693162,18,0.8571428571428571,0.857142857142857,Vizag
675,0.0,0.0,0.0,0.0,0.0,0.0,0.0,0.0,0.9,0.274850844484731,0.3752084491384102,18,0.8571428571428571,0.857142857142857,Vijayawada
676,0.0,0.0,0.0,0.0,0.0,0.0,0.0,0.0,0.9,0.9127031361383156,0.3757643135075041,18,0.8571428571428571,0.857142857142857,Bengaluru
677,0.0,0.0714285714285714,0.0,0.0,0.0,0.0,0.0714285714285714,0.0,0.9,0.4223938726069429,0.376320177876598,19,0.9047619047619048,0.9047619047619048,Vizag
678,0.0,0.0,0.0,0.0714285714285714,0.0,0.0,0.0,0.0714285714285714,0.9,0.6644576018510151,0.376876042245692,19,0.8571428571428571,0.857142857142857,Samalkot
679,0.0,0.0,0.0,0.0,0.0,0.0,0.0,0.0,0.95,0.5494544253719775,0.377431906614786,19,0.9047619047619048,0.9047619047619048,Hyderabad
680,0.0,0.0,0.0,0.0,0.0,0.0,0.0,0.0,0.95,0.9002221006342097,0.3779877709838799,19,0.9047619047619048,0.9047619047619048,Vijayawada
681,0.0,0.0,0.0,0.0,0.0,0.0,0.0,0.0,0.95,0.1635966227721104,0.3785436353529738,19,0.9047619047619048,0.9047619047619048,Vijayawada
682,0.0,0.0714285714285714,0.0,0.0,0.0,0.0,0.0714285714285714,0.0,0.95,0.0086399129939087,0.3790994997220677,20,0.9523809523809524,0.9523809523809522,Vizag
683,0.0,0.0,0.0,0.0714285714285714,0.0,0.0,0.0,0.0714285714285714,0.95,0.8887791281866633,0.3796553640911617,20,0.9047619047619048,0.9047619047619048,Vizag
684,0.0,0.0,0.0,0.0,0.0,0.0,0.0,0.0,1.0,0.6957052968260677,0.3802112284602557,20,0.9523809523809524,0.9523809523809522,Hyderabad
685,0.0,0.0,0.0,0.0,0.0,0.0,0.0,0.0,1.0,0.9394360183153307,0.3807670928293495,20,0.9523809523809524,0.9523809523809522,Vizag
686,0.0,0.0,0.0,0.0,0.0,0.0,0.0,0.0,1.0,0.598210988017766,0.3813229571984435,20,0.9523809523809524,0.9523809523809522,Vizag
687,0.0,0.0,0.0,0.0,0.0,0.0,0.0,0.0,0.95,0.5949097176112388,0.3818788215675375,19,0.9047619047619048,0.9047619047619048,Kakinada
688,0.0,0.0,0.0,0.0,0.0,0.0,0.0,0.0,0.95,0.8403345214915494,0.3824346859366314,19,0.9047619047619048,0.9047619047619048,Hyderabad
689,0.0,0.0,0.0,0.0,0.0,0.0,0.0,0.0,0.95,0.6822045328990534,0.3829905503057254,19,0.9047619047619048,0.9047619047619048,Vizag
690,0.0,0.0714285714285714,0.0,0.0,0.0,0.0,0.0714285714285714,0.0,0.9,0.4234513920275067,0.3835464146748193,19,0.9047619047619048,0.9047619047619048,Rajahmundry
691,0.0,0.0,0.0,0.0714285714285714,0.0,0.0,0.0,0.0714285714285714,0.9,0.0103946823397493,0.3841022790439132,19,0.8571428571428571,0.857142857142857,Vizag
692,0.0,0.0,0.0,0.0,0.0,0.0,0.0,0.0,0.95,0.9185280013906998,0.3846581434130071,19,0.9047619047619048,0.9047619047619048,Hyderabad
693,0.0,0.0714285714285714,0.0,0.0,0.0,0.0,0.0714285714285714,0.0,0.95,0.6761151081339816,0.3852140077821012,20,0.9523809523809524,0.9523809523809522,Vijayawada
694,0.0,0.0,0.0,0.0714285714285714,0.0,0.0,0.0,0.0714285714285714,0.95,0.445160776098138,0.385769872151195,20,0.9047619047619048,0.9047619047619048,Bengaluru
695,0.0,0.0,0.0,0.0,0.0,0.0,0.0,0.0,1.0,0.8350654480310251,0.386325736520289,20,0.9523809523809524,0.9523809523809522,Kakinada
696,0.0,0.0,0.0,0.0,0.0,0.0,0.0,0.0,1.0,0.8225471900253869,0.3868816008893829,20,0.9523809523809524,0.9523809523809522,Kakinada
697,0.0,0.0,0.0,0.0,0.0,0.0,0.0,0.0,1.0,0.3375622260271977,0.3874374652584769,20,0.9523809523809524,0.9523809523809522,Rajahmundry
698,0.0,0.0714285714285714,0.0,0.0,0.0,0.0,0.0714285714285714,0.0,1.0,0.5820380258706337,0.3879933296275708,21,1.0,1.0,Samalkot
699,0.0,0.0,0.0,0.0,0.0,0.0,0.0,0.0,1.0,0.341952397337979,0.3885491939966648,20,0.9523809523809524,0.9523809523809522,Hyderabad
700,0.0,0.0,0.0,0.0,0.0,0.0,0.0,0.0,1.0,0.6826719770565146,0.3891050583657586,20,0.9523809523809524,0.9523809523809522,Rajahmundry
701,0.0,0.0,0.0,0.0,0.0,0.0,0.0,0.0,0.95,0.8149302782085557,0.3896609227348527,19,0.9047619047619048,0.9047619047619048,Hyderabad
702,0.0,0.0,0.0,0.0,0.0,0.0,0.0,0.0,0.95,0.4070581438703784,0.3902167871039466,19,0.9047619047619048,0.9047619047619048,Rajahmundry
703,0.0,0.0,0.0,0.0,0.0,0.0,0.0,0.0,0.95,0.0978372449074478,0.3907726514730406,19,0.9047619047619048,0.9047619047619048,Kakinada
704,0.0,0.0714285714285714,0.0,0.0,0.0,0.0,0.0714285714285714,0.0,0.95,0.2480448203029035,0.3913285158421344,20,0.9523809523809524,0.9523809523809522,Samalkot
705,0.0,0.0,0.0,0.0714285714285714,0.0,0.0,0.0,0.0714285714285714,0.9,0.6872812739881791,0.3918843802112284,19,0.8571428571428571,0.857142857142857,Vizag
706,0.0,0.0,0.0,0.0,0.0,0.0,0.0,0.0,0.8,0.5026025290824312,0.3924402445803223,16,0.7619047619047619,0.7619047619047619,Samalkot
707,0.0,0.0,0.0,0.0,0.0,0.0,0.0,0.0,0.8,0.9401356055892662,0.3929961089494163,16,0.7619047619047619,0.7619047619047619,Samalkot
708,0.0,0.0,0.0,0.0,0.0,0.0,0.0,0.0,0.8,0.422268564318808,0.3935519733185103,16,0.7619047619047619,0.7619047619047619,Kakinada
709,0.0,0.0,0.0,0.0,0.0,0.0,0.0,0.0,0.8,0.8280361955881799,0.3941078376876042,16,0.7619047619047619,0.7619047619047619,Vizag
710,0.0,0.0,0.0,0.0,0.0,0.0,0.0,0.0,0.8,0.8315807648787084,0.3946637020566982,16,0.7619047619047619,0.7619047619047619,Vizag
711,0.0,0.0,0.0,0.0,0.0,0.0,0.0,0.0,0.8,0.3275158896322918,0.3952195664257921,16,0.7619047619047619,0.7619047619047619,Kakinada
712,0.0,0.0,0.0,0.0,0.0,0.0,0.0,0.0,0.8,0.6926204635917579,0.395775430794886,16,0.7619047619047619,0.7619047619047619,Rajahmundry
713,0.0,0.0,0.0,0.0,0.0,0.0,0.0,0.0,0.8,0.839926061343103,0.3963312951639799,16,0.7619047619047619,0.7619047619047619,Samalkot
714,0.0,0.0,0.0,0.0,0.0,0.0,0.0,0.0,0.8,0.0678682135768469,0.3968871595330739,16,0.7619047619047619,0.7619047619047619,Samalkot
715,0.0,0.0714285714285714,0.0,0.0,0.0,0.0,0.0714285714285714,0.0,0.8,0.2124230649714154,0.3974430239021678,17,0.8095238095238095,0.8095238095238094,Kakinada
716,0.0,0.0,0.0,0.0714285714285714,0.0,0.0,0.0,0.0714285714285714,0.75,0.8722650406899368,0.3979988882712618,16,0.7142857142857142,0.7142857142857142,Kakinada
717,0.0,0.0,0.0,0.0,0.0,0.0,0.0,0.0,0.75,0.1352907249741923,0.3985547526403557,15,0.7142857142857142,0.7142857142857142,Vijayawada
718,0.0,0.0714285714285714,0.0,0.0,0.0,0.0,0.0714285714285714,0.0,0.75,0.0045504053040132,0.3991106170094497,16,0.7619047619047619,0.7619047619047619,Bengaluru
719,0.0,0.0,0.0,0.0714285714285714,0.0,0.0,0.0,0.0714285714285714,0.75,0.3398621445635676,0.3996664813785436,16,0.7142857142857142,0.7142857142857142,Rajahmundry
720,0.0,0.0,0.0,0.0,0.0,0.0,0.0,0.0,0.8,0.6290229437368102,0.4002223457476376,16,0.7619047619047619,0.7619047619047619,Samalkot
721,0.0,0.0,0.0,0.0,0.0,0.0,0.0,0.0,0.8,0.3136334514367791,0.4007782101167315,16,0.7619047619047619,0.7619047619047619,Hyderabad
722,0.0,0.0714285714285714,0.0,0.0,0.0,0.0,0.0714285714285714,0.0,0.8,0.8422976582990189,0.4013340744858253,17,0.8095238095238095,0.8095238095238094,Samalkot
723,0.0,0.0,0.0,0.0714285714285714,0.0,0.0,0.0,0.0714285714285714,0.8,0.7084712033243723,0.4018899388549194,17,0.7619047619047619,0.7619047619047619,Bengaluru
724,0.0,0.0,0.0,0.0,0.0,0.0,0.0,0.0,0.8500000000000001,0.8183044573290914,0.4024458032240133,17,0.8095238095238095,0.8095238095238094,Bengaluru
725,0.0,0.0,0.0,0.0,0.0,0.0,0.0,0.0,0.8500000000000001,0.9438227053987592,0.4030016675931073,17,0.8095238095238095,0.8095238095238094,Vijayawada
726,0.0,0.0,0.0,0.0,0.0,0.0,0.0,0.0,0.8500000000000001,0.5545119403278072,0.4035575319622012,17,0.8095238095238095,0.8095238095238094,Hyderabad
727,0.0,0.0,0.0,0.0,0.0,0.0,0.0,0.0,0.8500000000000001,0.6913757187792542,0.4041133963312951,17,0.8095238095238095,0.8095238095238094,Vizag
728,0.0,0.0714285714285714,0.0,0.0,0.0,0.0,0.0714285714285714,0.0,0.8500000000000001,0.1701279260926336,0.404669260700389,18,0.8571428571428571,0.857142857142857,Samalkot
729,0.0,0.0,0.0,0.0714285714285714,0.0,0.0,0.0,0.0714285714285714,0.8500000000000001,0.0042495198442489,0.405225125069483,18,0.8095238095238095,0.8095238095238094,Bengaluru
730,0.0,0.0,0.0,0.0,0.0,0.0,0.0,0.0,0.9,0.1725493477283233,0.4057809894385769,18,0.8571428571428571,0.857142857142857,Vijayawada
731,0.0,0.0,0.0,0.0,0.0,0.0,0.0,0.0,0.9,0.950993533219268,0.4063368538076709,18,0.8571428571428571,0.857142857142857,Hyderabad
732,0.0,0.0,1.0,0.0,1.0,0.0,0.0,0.0,0.8500000000000001,0.2089363275564886,0.4068927181767648,18,0.8095238095238095,0.8095238095238094,Rajahmundry
733,0.0,0.0,0.0,0.0,0.0,0.0,0.0,0.0,0.8500000000000001,0.2368938662032631,0.4074485825458588,17,0.8095238095238095,0.8095238095238094,Vijayawada
734,0.0,0.0714285714285714,0.0,0.0,0.0,0.0,0.0714285714285714,0.0,0.8500000000000001,0.0349810998018835,0.4080044469149527,18,0.8571428571428571,0.857142857142857,Vijayawada
735,0.0,0.0,0.0,0.0714285714285714,0.0,0.0,0.0,0.0714285714285714,0.8,0.9587631988351925,0.4085603112840467,17,0.7619047619047619,0.7619047619047619,Vizag
736,0.0,0.0,0.0,0.0,0.0,0.0,0.0,0.0,0.8500000000000001,0.9303878952084684,0.4091161756531405,17,0.8095238095238095,0.8095238095238094,Samalkot
737,0.0,0.0,0.0,0.0,0.0,0.0,0.0,0.0,0.8500000000000001,0.6316212011774693,0.4096720400222345,17,0.8095238095238095,0.8095238095238094,Kakinada
738,0.0,0.0,0.0,0.0,0.0,0.0,0.0,0.0,0.8500000000000001,0.478895319131702,0.4102279043913285,17,0.8095238095238095,0.8095238095238094,Vizag
739,0.0,0.0,0.0,0.0,0.0,0.0,0.0,0.0,0.8500000000000001,0.3578204591016758,0.4107837687604224,17,0.8095238095238095,0.8095238095238094,Vizag
740,0.0,0.0714285714285714,0.0,0.0,0.0,0.0,0.0714285714285714,0.0,0.8,0.8472639144792391,0.4113396331295164,17,0.8095238095238095,0.8095238095238094,Hyderabad
741,0.0,0.0,0.0,0.0714285714285714,0.0,0.0,0.0,0.0714285714285714,0.8,0.0617310311084227,0.4118954974986103,17,0.7619047619047619,0.7619047619047619,Hyderabad
742,0.0,0.0,0.0,0.0,0.0,0.0,0.0,0.0,0.8500000000000001,0.8165281284970609,0.4124513618677042,17,0.8095238095238095,0.8095238095238094,Hyderabad
743,0.0,0.0,0.0,0.0,0.0,0.0,0.0,0.0,0.8,0.748717818856695,0.4130072262367982,16,0.7619047619047619,0.7619047619047619,Vizag
744,0.0,0.0,0.0,0.0,0.0,0.0,0.0,0.0,0.8,0.9577175119182132,0.4135630906058922,16,0.7619047619047619,0.7619047619047619,Kakinada
745,0.0,0.0714285714285714,0.0,0.0,0.0,0.0,0.0714285714285714,0.0,0.8500000000000001,0.5381543934241857,0.414118954974986,18,0.8571428571428571,0.857142857142857,Hyderabad
746,0.0,0.0,0.0,0.0714285714285714,0.0,0.0,0.0,0.0714285714285714,0.8500000000000001,0.2906796248935621,0.41467481934408,18,0.8095238095238095,0.8095238095238094,Samalkot
747,0.0,0.0,0.0,0.0,0.0,0.0,0.0,0.0,0.9,0.6810235054470435,0.4152306837131739,18,0.8571428571428571,0.857142857142857,Kakinada
748,0.0,0.0,0.0,0.0,0.0,0.0,0.0,0.0,0.8500000000000001,0.7333538433256426,0.4157865480822679,17,0.8095238095238095,0.8095238095238094,Rajahmundry
749,0.0,0.0,0.0,0.0,0.0,0.0,0.0,0.0,0.8500000000000001,0.8837455657633575,0.4163424124513618,17,0.8095238095238095,0.8095238095238094,Hyderabad
750,0.0,0.0,0.0,0.0,0.0,0.0,0.0,0.0,0.8500000000000001,0.8557668641139622,0.4168982768204558,17,0.8095238095238095,0.8095238095238094,Hyderabad
751,0.0,0.0,0.0,0.0,0.0,0.0,0.0,0.0,0.8500000000000001,0.8480162500380404,0.4174541411895497,17,0.8095238095238095,0.8095238095238094,Vizag
752,0.0,0.0,0.0,0.0,0.0,0.0,0.0,0.0,0.8,0.1388257634675342,0.4180100055586436,16,0.7619047619047619,0.7619047619047619,Bengaluru
753,0.0,0.0,0.0,0.0,0.0,0.0,0.0,0.0,0.8,0.7849455573248989,0.4185658699277376,16,0.7619047619047619,0.7619047619047619,Rajahmundry
754,0.0,0.0,0.0,0.0,0.0,0.0,0.0,0.0,0.8,0.337373127903481,0.4191217342968316,16,0.7619047619047619,0.7619047619047619,Bengaluru
755,1.0,0.0,0.0,0.0,0.0,0.0,0.0714285714285714,0.0,0.75,0.4850534580964183,0.4196775986659255,16,0.7619047619047619,0.7619047619047619,Rajahmundry
756,0.0,0.0,0.0,0.0,0.0,0.0,0.0,0.0,0.75,0.0596134648824608,0.4202334630350194,15,0.7142857142857142,0.7142857142857142,Vizag
757,0.0,0.0,0.0,0.0,0.0,0.0,0.0,0.0,0.75,0.3515342325049,0.4207893274041133,15,0.7142857142857142,0.7142857142857142,Bengaluru
758,0.0,0.0,0.0,0.0,0.0,0.0,0.0,0.0,0.75,0.9125818091302276,0.4213451917732073,15,0.7142857142857142,0.7142857142857142,Samalkot
759,0.0,0.0,0.0,0.0,0.0,0.0,0.0,0.0,0.75,0.2595713555233818,0.4219010561423013,15,0.7142857142857142,0.7142857142857142,Rajahmundry
760,0.0,0.0,0.0,0.0,0.0,0.0,0.0,0.0,0.75,0.1962563465598017,0.4224569205113951,15,0.7142857142857142,0.7142857142857142,Kakinada
761,0.0,0.0714285714285714,0.0,0.0,0.0,0.0,0.0714285714285714,0.0,0.75,0.7224565816888697,0.4230127848804891,16,0.7619047619047619,0.7619047619047619,Vizag
762,0.0,0.0,0.0,0.0714285714285714,0.0,0.0,0.0,0.0714285714285714,0.7000000000000001,0.6511563939280807,0.4235686492495831,15,0.6666666666666666,0.6666666666666666,Vizag
763,0.0,0.0714285714285714,0.0,0.0,0.0,0.0,0.0714285714285714,0.0,0.7000000000000001,0.6775135207075602,0.424124513618677,15,0.7142857142857142,0.7142857142857142,Vijayawada
764,0.0,0.0,0.0,0.0714285714285714,0.0,0.0,0.0,0.0714285714285714,0.7000000000000001,0.1653553132723206,0.424680377987771,15,0.6666666666666666,0.6666666666666666,Rajahmundry
765,0.0,0.0,0.0,0.0,0.0,0.0,0.0,0.0,0.7000000000000001,0.3663443933844896,0.4252362423568649,14,0.6666666666666666,0.6666666666666666,Vizag
766,0.0,0.0,0.0,0.0,0.0,0.0,0.0,0.0,0.7000000000000001,0.982650565019813,0.4257921067259588,14,0.6666666666666666,0.6666666666666666,Hyderabad
767,0.0,0.0714285714285714,0.0,0.0,0.0,0.0,0.0714285714285714,0.0,0.7000000000000001,0.0493264133751958,0.4263479710950527,15,0.7142857142857142,0.7142857142857142,Hyderabad
768,0.0,0.0,0.0,0.0714285714285714,0.0,0.0,0.0,0.0714285714285714,0.7000000000000001,0.9173145605422476,0.4269038354641468,15,0.6666666666666666,0.6666666666666666,Rajahmundry
769,0.0,0.0714285714285714,0.0,0.0,0.0,0.0,0.0714285714285714,0.0,0.75,0.2484711608779695,0.4274596998332406,16,0.7619047619047619,0.7619047619047619,Samalkot
770,0.0,0.0,0.0,0.0714285714285714,0.0,0.0,0.0,0.0714285714285714,0.75,0.7841106697326479,0.4280155642023346,16,0.7142857142857142,0.7142857142857142,Bengaluru
771,0.0,0.0,0.0,0.0,0.0,0.0,0.0,0.0,0.8,0.157549948194738,0.4285714285714285,16,0.7619047619047619,0.7619047619047619,Samalkot
772,0.0,0.0,0.0,0.0,0.0,0.0,0.0,0.0,0.8,0.0958117290579163,0.4291272929405225,16,0.7619047619047619,0.7619047619047619,Bengaluru
773,0.0,0.0,0.0,0.0,0.0,0.0,0.0,0.0,0.8,0.8746798838465724,0.4296831573096164,16,0.7619047619047619,0.7619047619047619,Hyderabad
774,0.0,0.0,0.0,0.0,0.0,0.0,0.0,0.0,0.8,0.7869653463280031,0.4302390216787104,16,0.7619047619047619,0.7619047619047619,Vizag
775,0.0,0.0,0.0,0.0,0.0,0.0,0.0,0.0,0.8,0.2717777118473541,0.4307948860478042,16,0.7619047619047619,0.7619047619047619,Vijayawada
776,0.0,0.0,0.0,0.0,0.0,0.0,0.0,0.0,0.8,0.8567249724343877,0.4313507504168983,16,0.7619047619047619,0.7619047619047619,Bengaluru
777,0.0,0.0,0.0,0.0,0.0,0.0,0.0,0.0,0.8,0.2004842283626688,0.4319066147859922,16,0.7619047619047619,0.7619047619047619,Vijayawada
778,0.0,0.0,0.0,0.0,0.0,0.0,0.0,0.0,0.8,0.8747893665540984,0.4324624791550862,16,0.7619047619047619,0.7619047619047619,Rajahmundry
779,0.0,0.0,0.0,0.0,0.0,0.0,0.0,0.0,0.8,0.9318408862539882,0.43301834352418,16,0.7619047619047619,0.7619047619047619,Rajahmundry
780,0.0,0.0,0.0,0.0,0.0,0.0,0.0,0.0,0.8,0.0491988611829927,0.433574207893274,16,0.7619047619047619,0.7619047619047619,Rajahmundry
781,0.0,0.0714285714285714,0.0,0.0,0.0,0.0,0.0714285714285714,0.0,0.8,0.3213600676850396,0.4341300722623679,17,0.8095238095238095,0.8095238095238094,Vizag
782,0.0,0.0,0.0,0.0714285714285714,0.0,0.0,0.0,0.0714285714285714,0.8,0.0030236722098402,0.4346859366314619,17,0.7619047619047619,0.7619047619047619,Samalkot
783,0.0,0.0,0.0,0.0,0.0,0.0,0.0,0.0,0.8500000000000001,0.4867746847078229,0.4352418010005559,17,0.8095238095238095,0.8095238095238094,Vizag
784,0.0,0.0,0.0,0.0,0.0,0.0,0.0,0.0,0.8500000000000001,0.7630757160204471,0.4357976653696498,17,0.8095238095238095,0.8095238095238094,Kakinada
785,0.0,0.0714285714285714,0.0,0.0,0.0,0.0,0.0714285714285714,0.0,0.8,0.8083664515579014,0.4363535297387437,17,0.8095238095238095,0.8095238095238094,Kakinada
786,0.0,0.0,0.0,0.0714285714285714,0.0,0.0,0.0,0.0714285714285714,0.8,0.6400164391021312,0.4369093941078377,17,0.7619047619047619,0.7619047619047619,Kakinada
787,0.0,0.0,0.0,0.0,0.0,0.0,0.0,0.0,0.8500000000000001,0.1832083463456613,0.4374652584769316,17,0.8095238095238095,0.8095238095238094,Rajahmundry
788,0.0,0.0,0.0,0.0,0.0,0.0,0.0,0.0,0.8500000000000001,0.8483817538307787,0.4380211228460255,17,0.8095238095238095,0.8095238095238094,Rajahmundry
789,0.0,0.0,0.0,0.0,0.0,0.0,0.0,0.0,0.8500000000000001,0.3086960778847698,0.4385769872151195,17,0.8095238095238095,0.8095238095238094,Rajahmundry
790,0.0,0.0,0.0,0.0,0.0,0.0,0.0,0.0,0.8500000000000001,0.5313982381801181,0.4391328515842134,17,0.8095238095238095,0.8095238095238094,Hyderabad
791,0.0,0.0,0.0,0.0,0.0,0.0,0.0,0.0,0.8500000000000001,0.937799486685055,0.4396887159533074,17,0.8095238095238095,0.8095238095238094,Kakinada
792,0.0,0.0,0.0,0.0,0.0,0.0,0.0,0.0,0.8500000000000001,0.5127432398241631,0.4402445803224013,17,0.8095238095238095,0.8095238095238094,Samalkot
793,0.0,0.0,0.0,0.0,0.0,0.0,0.0,0.0,0.8500000000000001,0.8231648849532158,0.4408004446914952,17,0.8095238095238095,0.8095238095238094,Bengaluru
794,0.0,0.0,0.0,0.0,0.0,0.0,0.0,0.0,0.8500000000000001,0.0022048473876297,0.4413563090605892,17,0.8095238095238095,0.8095238095238094,Hyderabad
795,0.0,0.0,0.0,0.0,0.0,0.0,0.0,0.0,0.8,0.1433468637001291,0.4419121734296831,16,0.7619047619047619,0.7619047619047619,Hyderabad
796,0.0,0.0,0.0,0.0,0.0,0.0,0.0,0.0,0.8,0.2942804768998655,0.4424680377987771,16,0.7619047619047619,0.7619047619047619,Hyderabad
797,0.0,0.0,0.0,0.0,0.0,0.0,0.0,0.0,0.75,0.1947571194948212,0.4430239021678709,15,0.7142857142857142,0.7142857142857142,Kakinada
798,0.0,0.0714285714285714,0.0,0.0,0.0,0.0,0.0714285714285714,0.0,0.75,0.3085942390206575,0.443579766536965,16,0.7619047619047619,0.7619047619047619,Vizag
799,0.0,0.0,0.0,0.0714285714285714,0.0,0.0,0.0,0.0714285714285714,0.75,0.3490279435503944,0.4441356309060589,16,0.7142857142857142,0.7142857142857142,Kakinada
800,0.0,0.0714285714285714,0.0,0.0,0.0,0.0,0.0714285714285714,0.0,0.8,0.4329979762413021,0.4446914952751529,17,0.8095238095238095,0.8095238095238094,Rajahmundry
801,0.0,0.0,0.0,0.0714285714285714,0.0,0.0,0.0,0.0714285714285714,0.8,0.6256651312335697,0.4452473596442468,17,0.7619047619047619,0.7619047619047619,Bengaluru
802,0.0,0.0,0.0,0.0,0.0,0.0,0.0,0.0,0.8500000000000001,0.4631834760357265,0.4458032240133407,17,0.8095238095238095,0.8095238095238094,Kakinada
803,0.0,0.0,0.0,0.0,0.0,0.0,0.0,0.0,0.8,0.7801293473608899,0.4463590883824346,16,0.7619047619047619,0.7619047619047619,Vizag
804,0.0,0.0,0.0,0.0,0.0,0.0,0.0,0.0,0.8,0.6742479216299073,0.4469149527515286,16,0.7619047619047619,0.7619047619047619,Samalkot
805,0.0,0.0,0.0,0.0,0.0,0.0,0.0,0.0,0.8,0.771250872763718,0.4474708171206225,16,0.7619047619047619,0.7619047619047619,Kakinada
806,0.0,0.0,0.0,0.0,0.0,0.0,0.0,0.0,0.8,0.0076075620627229,0.4480266814897165,16,0.7619047619047619,0.7619047619047619,Vijayawada
807,0.0,0.0,0.0,0.0,0.0,0.0,0.0,0.0,0.75,0.1245663609406171,0.4485825458588104,15,0.7142857142857142,0.7142857142857142,Vizag
808,0.0,0.0,0.0,0.0,0.0,0.0,0.0,0.0,0.75,0.5498389251811047,0.4491384102279044,15,0.7142857142857142,0.7142857142857142,Hyderabad
809,0.0,0.0,0.0,0.0,0.0,0.0,0.0,0.0,0.75,0.1543329564695015,0.4496942745969983,15,0.7142857142857142,0.7142857142857142,Rajahmundry
810,0.0,0.0,0.0,0.0,0.0,0.0,0.0,0.0,0.7000000000000001,0.2407372619878744,0.4502501389660923,14,0.6666666666666666,0.6666666666666666,Samalkot
811,0.0,0.0714285714285714,0.0,0.0,0.0,0.0,0.0714285714285714,0.0,0.7000000000000001,0.8602557164772189,0.4508060033351861,15,0.7142857142857142,0.7142857142857142,Vijayawada
812,0.0,0.0,0.0,0.0714285714285714,0.0,0.0,0.0,0.0714285714285714,0.65,0.4934601614634315,0.4513618677042801,14,0.6190476190476191,0.619047619047619,Vizag
813,0.0,0.0,0.0,0.0,0.0,0.0,0.0,0.0,0.7000000000000001,0.2229454224228573,0.4519177320733741,14,0.6666666666666666,0.6666666666666666,Kakinada
814,0.0,0.0,1.0,0.0,1.0,0.0,0.0,0.0,0.65,0.7267518365570291,0.452473596442468,14,0.6190476190476191,0.619047619047619,Rajahmundry
815,0.0,0.0,0.0,0.0,0.0,0.0,0.0,0.0,0.65,0.0868555389068652,0.453029460811562,13,0.6190476190476191,0.619047619047619,Vizag
816,0.0,0.0,0.0,0.0,0.0,0.0,0.0,0.0,0.65,0.8522323964961385,0.4535853251806559,13,0.6190476190476191,0.619047619047619,Kakinada
817,0.0,0.0,0.0,0.0,0.0,0.0,0.0,0.0,0.65,0.2298492044593469,0.4541411895497498,13,0.6190476190476191,0.619047619047619,Samalkot
818,0.0,0.0,0.0,0.0,0.0,0.0,0.0,0.0,0.65,0.0816110292058536,0.4546970539188438,13,0.6190476190476191,0.619047619047619,Vijayawada
819,0.0,0.0,0.0,0.0,0.0,0.0,0.0,0.0,0.65,0.2882782426587242,0.4552529182879377,13,0.6190476190476191,0.619047619047619,Rajahmundry
820,0.0,0.0,0.0,0.0,0.0,0.0,0.0,0.0,0.65,0.5295568600133378,0.4558087826570316,13,0.6190476190476191,0.619047619047619,Kakinada
821,0.0,0.0,0.0,0.0,0.0,0.0,0.0,0.0,0.55,0.575322906861111,0.4563646470261256,11,0.5238095238095237,0.5238095238095237,Samalkot
822,0.0,0.0,0.0,0.0,0.0,0.0,0.0,0.0,0.55,0.4985526593098675,0.4569205113952195,11,0.5238095238095237,0.5238095238095237,Vijayawada
823,0.0,0.0,0.0,0.0,0.0,0.0,0.0,0.0,0.55,0.2310827628711027,0.4574763757643135,11,0.5238095238095237,0.5238095238095237,Kakinada
824,0.0,0.0,0.0,0.0,0.0,0.0,0.0,0.0,0.55,0.6248963581855145,0.4580322401334074,11,0.5238095238095237,0.5238095238095237,Rajahmundry
825,0.0,0.0714285714285714,0.0,0.0,0.0,0.0,0.0714285714285714,0.0,0.5,0.2807814661605885,0.4585881045025013,11,0.5238095238095237,0.5238095238095237,Samalkot
826,0.0,0.0,0.0,0.0714285714285714,0.0,0.0,0.0,0.0714285714285714,0.5,0.0499368500600123,0.4591439688715953,11,0.4761904761904761,0.4761904761904761,Vizag
827,0.0,0.0,0.0,0.0,0.0,0.0,0.0,0.0,0.5,0.2410453528904557,0.4596998332406892,10,0.4761904761904761,0.4761904761904761,Kakinada
828,0.0,0.0,0.0,0.0,0.0,0.0,0.0,0.0,0.5,0.3848382470720497,0.4602556976097832,10,0.4761904761904761,0.4761904761904761,Vijayawada
829,0.0,0.0,0.0,0.0,0.0,0.0,0.0,0.0,0.5,0.8653565206646554,0.4608115619788771,10,0.4761904761904761,0.4761904761904761,Vizag
830,0.0,0.0,0.0,0.0,0.0,0.0,0.0,0.0,0.5,0.6954853498023943,0.4613674263479711,10,0.4761904761904761,0.4761904761904761,Samalkot
831,0.0,0.0,0.0,0.0,0.0,0.0,0.0,0.0,0.45,0.514366909278853,0.461923290717065,9,0.4285714285714285,0.4285714285714285,Samalkot
832,0.0,0.0,0.0,0.0,0.0,0.0,0.0,0.0,0.45,0.1441388509440624,0.4624791550861589,9,0.4285714285714285,0.4285714285714285,Vizag
833,0.0,0.0,0.0,0.0,0.0,0.0,0.0,0.0,0.45,0.9204039587655636,0.4630350194552529,9,0.4285714285714285,0.4285714285714285,Rajahmundry
834,0.0,0.0,0.0,0.0,0.0,0.0,0.0,0.0,0.45,0.2075903970366612,0.4635908838243469,9,0.4285714285714285,0.4285714285714285,Samalkot
835,0.0,0.0,0.0,0.0,0.0,0.0,0.0,0.0,0.45,0.4058421645910397,0.4641467481934407,9,0.4285714285714285,0.4285714285714285,Rajahmundry
836,0.0,0.0,0.0,0.0,0.0,0.0,0.0,0.0,0.45,0.32395164332397,0.4647026125625347,9,0.4285714285714285,0.4285714285714285,Hyderabad
837,0.0,0.0,0.0,0.0,0.0,0.0,0.0,0.0,0.45,0.2411627623060646,0.4652584769316286,9,0.4285714285714285,0.4285714285714285,Vijayawada
838,0.0,0.0,0.0,0.0,0.0,0.0,0.0,0.0,0.45,0.4435199213218064,0.4658143413007226,9,0.4285714285714285,0.4285714285714285,Vijayawada
839,0.0,0.0,0.0,0.0,0.0,0.0,0.0,0.0,0.45,0.9097348856029844,0.4663702056698165,9,0.4285714285714285,0.4285714285714285,Samalkot
840,0.0,0.0,0.0,0.0,0.0,0.0,0.0,0.0,0.45,0.7125556514352918,0.4669260700389105,9,0.4285714285714285,0.4285714285714285,Kakinada
841,0.0,0.0,0.0,0.0,0.0,0.0,0.0,0.0,0.45,0.7506488713776738,0.4674819344080044,9,0.4285714285714285,0.4285714285714285,Vizag
842,0.0,0.0,0.0,0.0,0.0,0.0,0.0,0.0,0.45,0.9176179848750584,0.4680377987770983,9,0.4285714285714285,0.4285714285714285,Kakinada
843,0.0,0.0714285714285714,0.0,0.0,0.0,0.0,0.0714285714285714,0.0,0.4,0.1179507158769979,0.4685936631461923,9,0.4285714285714285,0.4285714285714285,Kakinada
844,0.0,0.0,0.0,0.0714285714285714,0.0,0.0,0.0,0.0714285714285714,0.4,0.3787831312777863,0.4691495275152862,9,0.3809523809523809,0.3809523809523809,Hyderabad
845,0.0,0.0,0.0,0.0,0.0,0.0,0.0,0.0,0.45,0.2298567367800568,0.4697053918843802,9,0.4285714285714285,0.4285714285714285,Samalkot
846,0.0,0.0,0.0,0.0,0.0,0.0,0.0,0.0,0.45,0.3736929665076047,0.4702612562534741,9,0.4285714285714285,0.4285714285714285,Hyderabad
847,0.0,0.0,0.0,0.0,0.0,0.0,0.0,0.0,0.5,0.0420285489713228,0.470817120622568,10,0.4761904761904761,0.4761904761904761,Vizag
848,0.0,0.0,0.0,0.0,0.0,0.0,0.0,0.0,0.5,0.7854062372408523,0.471372984991662,10,0.4761904761904761,0.4761904761904761,Samalkot
849,0.0,0.0,0.0,0.0,0.0,0.0,0.0,0.0,0.5,0.2630263549509462,0.4719288493607559,10,0.4761904761904761,0.4761904761904761,Vijayawada
850,0.0,0.0,0.0,0.0,0.0,0.0,0.0,0.0,0.45,0.4247397506130046,0.4724847137298498,9,0.4285714285714285,0.4285714285714285,Hyderabad
851,0.0,0.0,0.0,0.0,0.0,0.0,0.0,0.0,0.45,0.6914468853749614,0.4730405780989438,9,0.4285714285714285,0.4285714285714285,Vizag
852,0.0,0.0,0.0,0.0,0.0,0.0,0.0,0.0,0.45,0.8360491794878586,0.4735964424680378,9,0.4285714285714285,0.4285714285714285,Samalkot
853,0.0,0.0714285714285714,0.0,0.0,0.0,0.0,0.0714285714285714,0.0,0.45,0.5884618993290154,0.4741523068371317,10,0.4761904761904761,0.4761904761904761,Kakinada
854,0.0,0.0,0.0,0.0714285714285714,0.0,0.0,0.0,0.0714285714285714,0.45,0.1160230027416695,0.4747081712062256,10,0.4285714285714285,0.4285714285714285,Vijayawada
855,0.0,0.0,0.0,0.0,0.0,0.0,0.0,0.0,0.5,0.3722896177643142,0.4752640355753196,10,0.4761904761904761,0.4761904761904761,Vijayawada
856,0.0,0.0,0.0,0.0,0.0,0.0,0.0,0.0,0.5,0.5598026691435234,0.4758198999444135,10,0.4761904761904761,0.4761904761904761,Vizag
857,0.0,0.0,0.0,0.0,0.0,0.0,0.0,0.0,0.5,0.6948713664931274,0.4763757643135074,10,0.4761904761904761,0.4761904761904761,Bengaluru
858,0.0,0.0714285714285714,0.0,0.0,0.0,0.0,0.0714285714285714,0.0,0.45,0.961064651034899,0.4769316286826014,10,0.4761904761904761,0.4761904761904761,Vizag
859,0.0,0.0,0.0,0.0714285714285714,0.0,0.0,0.0,0.0714285714285714,0.45,0.0980313699807071,0.4774874930516953,10,0.4285714285714285,0.4285714285714285,Vizag
860,0.0,0.0714285714285714,0.0,0.0,0.0,0.0,0.0714285714285714,0.0,0.45,0.885396240595008,0.4780433574207893,10,0.4761904761904761,0.4761904761904761,Vijayawada
861,0.0,0.0714285714285714,0.0,0.0714285714285714,0.0,0.0,0.0714285714285714,0.0714285714285714,0.5,0.1179438017384715,0.4785992217898832,12,0.5238095238095237,0.5238095238095237,Rajahmundry
862,0.0,0.0714285714285714,0.0,0.0714285714285714,0.0,0.0,0.0714285714285714,0.0714285714285714,0.55,0.1848614732058817,0.4791550861589772,13,0.5714285714285714,0.5714285714285713,Bengaluru
863,0.0,0.0,0.0,0.0714285714285714,0.0,0.0,0.0,0.0714285714285714,0.6000000000000001,0.6420525224526763,0.4797109505280711,13,0.5714285714285714,0.5714285714285713,Hyderabad
864,0.0,0.0,0.0,0.0,0.0,0.0,0.0,0.0,0.65,0.9920578871483924,0.4802668148971651,13,0.6190476190476191,0.619047619047619,Kakinada
865,0.0,0.0,0.0,0.0,0.0,0.0,0.0,0.0,0.6000000000000001,0.4205440265596574,0.4808226792662589,12,0.5714285714285714,0.5714285714285713,Hyderabad
866,0.0,0.0,0.0,0.0,0.0,0.0,0.0,0.0,0.5,0.7862771056783153,0.481378543635353,10,0.4761904761904761,0.4761904761904761,Kakinada
867,0.0,0.0,0.0,0.0,0.0,0.0,0.0,0.0,0.5,0.6065222355207232,0.4819344080044468,10,0.4761904761904761,0.4761904761904761,Kakinada
868,0.0,0.0,0.0,0.0,0.0,0.0,0.0,0.0,0.5,0.7453655990831902,0.4824902723735408,10,0.4761904761904761,0.4761904761904761,Bengaluru
869,0.0,0.0,0.0,0.0,0.0,0.0,0.0,0.0,0.5,0.266268882017989,0.4830461367426347,10,0.4761904761904761,0.4761904761904761,Rajahmundry
870,0.0,0.0,0.0,0.0,0.0,0.0,0.0,0.0,0.5,0.3814703944691706,0.4836020011117287,10,0.4761904761904761,0.4761904761904761,Kakinada
871,0.0,0.0714285714285714,0.0,0.0,0.0,0.0,0.0714285714285714,0.0,0.45,0.6888330648580034,0.4841578654808226,10,0.4761904761904761,0.4761904761904761,Samalkot
872,0.0,0.0,0.0,0.0714285714285714,0.0,0.0,0.0,0.0714285714285714,0.45,0.2671124092697046,0.4847137298499165,10,0.4285714285714285,0.4285714285714285,Vijayawada
873,0.0,0.0,0.0,0.0,0.0,0.0,0.0,0.0,0.5,0.4985806775755346,0.4852695942190105,10,0.4761904761904761,0.4761904761904761,Samalkot
874,0.0,0.0,0.0,0.0,0.0,0.0,0.0,0.0,0.5,0.2216540001209253,0.4858254585881045,10,0.4761904761904761,0.4761904761904761,Bengaluru
875,0.0,0.0,0.0,0.0,0.0,0.0,0.0,0.0,0.5,0.616560613200011,0.4863813229571984,10,0.4761904761904761,0.4761904761904761,Kakinada
876,0.0,0.0,0.0,0.0,0.0,0.0,0.0,0.0,0.5,0.1460906952114362,0.4869371873262924,10,0.4761904761904761,0.4761904761904761,Samalkot
877,0.0,0.0,0.0,0.0,0.0,0.0,0.0,0.0,0.5,0.5586106322335613,0.4874930516953862,10,0.4761904761904761,0.4761904761904761,Vizag
878,0.0,0.0,0.0,0.0,0.0,0.0,0.0,0.0,0.5,0.9273792007562986,0.4880489160644802,10,0.4761904761904761,0.4761904761904761,Kakinada
879,0.0,0.0,0.0,0.0,0.0,0.0,0.0,0.0,0.5,0.7036764358138272,0.4886047804335742,10,0.4761904761904761,0.4761904761904761,Bengaluru
880,0.0,0.0714285714285714,0.0,0.0,0.0,0.0,0.0714285714285714,0.0,0.5,0.8791644685222675,0.4891606448026681,11,0.5238095238095237,0.5238095238095237,Vizag
881,0.0,0.0714285714285714,0.0,0.0714285714285714,0.0,0.0,0.0714285714285714,0.0714285714285714,0.45,0.2746952691800131,0.489716509171762,11,0.4761904761904761,0.4761904761904761,Kakinada
882,0.0,0.0,0.0,0.0714285714285714,0.0,0.0,0.0,0.0714285714285714,0.5,0.689280795547929,0.490272373540856,11,0.4761904761904761,0.4761904761904761,Bengaluru
883,0.0,0.0,0.0,0.0,0.0,0.0,0.0,0.0,0.55,0.7146752569692629,0.4908282379099499,11,0.5238095238095237,0.5238095238095237,Rajahmundry
884,0.0,0.0,0.0,0.0,0.0,0.0,0.0,0.0,0.55,0.5720799256922102,0.4913841022790439,11,0.5238095238095237,0.5238095238095237,Hyderabad
885,0.0,0.0714285714285714,0.0,0.0,0.0,0.0,0.0714285714285714,0.0,0.55,0.0137741106594153,0.4919399666481378,12,0.5714285714285714,0.5714285714285713,Kakinada
886,0.0,0.0,0.0,0.0714285714285714,0.0,0.0,0.0,0.0714285714285714,0.55,0.6838155074612464,0.4924958310172317,12,0.5238095238095237,0.5238095238095237,Kakinada
887,0.0,0.0,0.0,0.0,0.0,0.0,0.0,0.0,0.55,0.2914711447716278,0.4930516953863256,11,0.5238095238095237,0.5238095238095237,Bengaluru
888,0.0,0.0,0.0,0.0,0.0,0.0,0.0,0.0,0.55,0.3925735692376435,0.4936075597554197,11,0.5238095238095237,0.5238095238095237,Samalkot
889,0.0,0.0714285714285714,0.0,0.0,0.0,0.0,0.0714285714285714,0.0,0.55,0.988078215175578,0.4941634241245136,12,0.5714285714285714,0.5714285714285713,Vizag
890,0.0,0.0,0.0,0.0714285714285714,0.0,0.0,0.0,0.0714285714285714,0.55,0.7382155797450753,0.4947192884936076,12,0.5238095238095237,0.5238095238095237,Rajahmundry
891,0.0,0.0,0.0,0.0,0.0,0.0,0.0,0.0,0.55,0.1666149650623387,0.4952751528627014,11,0.5238095238095237,0.5238095238095237,Kakinada
892,0.0,0.0714285714285714,0.0,0.0,0.0,0.0,0.0714285714285714,0.0,0.55,0.9784411995677452,0.4958310172317954,12,0.5714285714285714,0.5714285714285713,Hyderabad
893,0.0,0.0,0.0,0.0714285714285714,0.0,0.0,0.0,0.0714285714285714,0.55,0.8665995099950494,0.4963868816008893,12,0.5238095238095237,0.5238095238095237,Bengaluru
894,0.0,0.0,0.0,0.0,0.0,0.0,0.0,0.0,0.6000000000000001,0.9298061353929008,0.4969427459699833,12,0.5714285714285714,0.5714285714285713,Bengaluru
895,0.0,0.0,0.0,0.0,0.0,0.0,0.0,0.0,0.6000000000000001,0.1596234265945217,0.4974986103390771,12,0.5714285714285714,0.5714285714285713,Bengaluru
896,0.0,0.0714285714285714,0.0,0.0,0.0,0.0,0.0714285714285714,0.0,0.6000000000000001,0.580646368538678,0.4980544747081712,13,0.6190476190476191,0.619047619047619,Bengaluru
897,0.0,0.0,0.0,0.0714285714285714,0.0,0.0,0.0,0.0714285714285714,0.55,0.0427593628104294,0.4986103390772651,12,0.5238095238095237,0.5238095238095237,Vijayawada
898,0.0,0.0,0.0,0.0,0.0,0.0,0.0,0.0,0.6000000000000001,0.273073851480232,0.4991662034463591,12,0.5714285714285714,0.5714285714285713,Bengaluru
899,0.0,0.0,0.0,0.0,0.0,0.0,0.0,0.0,0.6000000000000001,0.2809568144236005,0.499722067815453,12,0.5714285714285714,0.5714285714285713,Rajahmundry
900,0.0,0.0,0.0,0.0,0.0,0.0,0.0,0.0,0.55,0.2076019929595234,0.500277932184547,11,0.5238095238095237,0.5238095238095237,Vijayawada
901,0.0,0.0,0.0,0.0,0.0,0.0,0.0,0.0,0.55,0.4622212287073379,0.5008337965536409,11,0.5238095238095237,0.5238095238095237,Vijayawada
902,0.0,0.0,0.0,0.0,0.0,0.0,0.0,0.0,0.55,0.9780788792527776,0.5013896609227347,11,0.5238095238095237,0.5238095238095237,Samalkot
903,0.0,0.0,0.0,0.0,0.0,0.0,0.0,0.0,0.55,0.4460655512463074,0.5019455252918288,11,0.5238095238095237,0.5238095238095237,Vizag
904,0.0,0.0714285714285714,0.0,0.0,0.0,0.0,0.0714285714285714,0.0,0.5,0.2617505801112421,0.5025013896609227,11,0.5238095238095237,0.5238095238095237,Vizag
905,0.0,0.0,0.0,0.0714285714285714,0.0,0.0,0.0,0.0714285714285714,0.5,0.881248974141722,0.5030572540300167,11,0.4761904761904761,0.4761904761904761,Kakinada
906,0.0,0.0,0.0,0.0,0.0,0.0,0.0,0.0,0.55,0.3102928284625206,0.5036131183991106,11,0.5238095238095237,0.5238095238095237,Vijayawada
907,0.0,0.0,0.0,0.0,0.0,0.0,0.0,0.0,0.55,0.6641201975024036,0.5041689827682045,11,0.5238095238095237,0.5238095238095237,Kakinada
908,0.0,0.0,0.0,0.0,0.0,0.0,0.0,0.0,0.55,0.7337945033872131,0.5047248471372985,11,0.5238095238095237,0.5238095238095237,Rajahmundry
909,0.0,0.0,0.0,0.0,0.0,0.0,0.0,0.0,0.55,0.7719594129739489,0.5052807115063924,11,0.5238095238095237,0.5238095238095237,Vizag
910,0.0,0.0,0.0,0.0,0.0,0.0,0.0,0.0,0.55,0.537403074508064,0.5058365758754862,11,0.5238095238095237,0.5238095238095237,Vizag
911,0.0,0.0,0.0,0.0,0.0,0.0,0.0,0.0,0.55,0.5392297975932796,0.5063924402445803,11,0.5238095238095237,0.5238095238095237,Vizag
912,0.0,0.0714285714285714,0.0,0.0,0.0,0.0,0.0714285714285714,0.0,0.6000000000000001,0.1070961649615662,0.5069483046136742,13,0.6190476190476191,0.619047619047619,Vijayawada
913,0.0,0.0,0.0,0.0714285714285714,0.0,0.0,0.0,0.0714285714285714,0.6000000000000001,0.2374191690362459,0.5075041689827682,13,0.5714285714285714,0.5714285714285713,Rajahmundry
914,0.0,0.0,0.0,0.0,0.0,0.0,0.0,0.0,0.65,0.0200959508397959,0.5080600333518621,13,0.6190476190476191,0.619047619047619,Samalkot
915,0.0,0.0,0.0,0.0,0.0,0.0,0.0,0.0,0.65,0.5945431995633479,0.5086158977209561,13,0.6190476190476191,0.619047619047619,Vijayawada
916,0.0,0.0714285714285714,0.0,0.0,0.0,0.0,0.0714285714285714,0.0,0.65,0.1092174799283034,0.50917176209005,14,0.6666666666666666,0.6666666666666666,Vizag
917,0.0,0.0,0.0,0.0714285714285714,0.0,0.0,0.0,0.0714285714285714,0.65,0.1784006185785904,0.5097276264591439,14,0.6190476190476191,0.619047619047619,Bengaluru
918,0.0,0.0,0.0,0.0,0.0,0.0,0.0,0.0,0.7000000000000001,0.2754767963773621,0.5102834908282379,14,0.6666666666666666,0.6666666666666666,Bengaluru
919,0.0,0.0714285714285714,0.0,0.0,0.0,0.0,0.0714285714285714,0.0,0.7000000000000001,0.4833530979223521,0.5108393551973318,15,0.7142857142857142,0.7142857142857142,Bengaluru
920,0.0,0.0,0.0,0.0714285714285714,0.0,0.0,0.0,0.0714285714285714,0.7000000000000001,0.6099542449294619,0.5113952195664258,15,0.6666666666666666,0.6666666666666666,Vizag
921,0.0,0.0,0.0,0.0,0.0,0.0,0.0,0.0,0.7000000000000001,0.4331525807946792,0.5119510839355197,14,0.6666666666666666,0.6666666666666666,Kakinada
922,0.0,0.0,0.0,0.0,0.0,0.0,0.0,0.0,0.7000000000000001,0.8474598425733575,0.5125069483046136,14,0.6666666666666666,0.6666666666666666,Bengaluru
923,0.0,0.0714285714285714,0.0,0.0,0.0,0.0,0.0714285714285714,0.0,0.7000000000000001,0.5994627381472057,0.5130628126737076,15,0.7142857142857142,0.7142857142857142,Rajahmundry
924,0.0,0.0,0.0,0.0714285714285714,0.0,0.0,0.0,0.0714285714285714,0.7000000000000001,0.8792724091065722,0.5136186770428015,15,0.6666666666666666,0.6666666666666666,Vizag
925,0.0,0.0,0.0,0.0,0.0,0.0,0.0,0.0,0.75,0.2886217195800071,0.5141745414118954,15,0.7142857142857142,0.7142857142857142,Kakinada
926,0.0,0.0,0.0,0.0,0.0,0.0,0.0,0.0,0.75,0.9230337867203662,0.5147304057809894,15,0.7142857142857142,0.7142857142857142,Samalkot
927,0.0,0.0,0.0,0.0,0.0,0.0,0.0,0.0,0.75,0.0182662648009803,0.5152862701500833,15,0.7142857142857142,0.7142857142857142,Vijayawada
928,0.0,0.0,0.0,0.0,0.0,0.0,0.0,0.0,0.75,0.2584670481290574,0.5158421345191773,15,0.7142857142857142,0.7142857142857142,Bengaluru
929,0.0,0.0,0.0,0.0,0.0,0.0,0.0,0.0,0.75,0.0248716484056334,0.5163979988882712,15,0.7142857142857142,0.7142857142857142,Rajahmundry
930,0.0,0.0,0.0,0.0,0.0,0.0,0.0,0.0,0.75,0.1514021991510252,0.5169538632573651,15,0.7142857142857142,0.7142857142857142,Rajahmundry
931,0.0,0.0714285714285714,0.0,0.0,0.0,0.0,0.0714285714285714,0.0,0.75,0.4929077661685772,0.5175097276264591,16,0.7619047619047619,0.7619047619047619,Bengaluru
932,0.0,0.0,0.0,0.0714285714285714,0.0,0.0,0.0,0.0714285714285714,0.75,0.0928545772769586,0.518065591995553,16,0.7142857142857142,0.7142857142857142,Rajahmundry
933,0.0,0.0,0.0,0.0,0.0,0.0,0.0,0.0,0.8,0.1534210292905022,0.5186214563646471,16,0.7619047619047619,0.7619047619047619,Vijayawada
934,0.0,0.0,0.0,0.0,0.0,0.0,0.0,0.0,0.8,0.4054898489947292,0.5191773207337409,16,0.7619047619047619,0.7619047619047619,Vijayawada
935,0.0,0.0714285714285714,0.0,0.0,0.0,0.0,0.0714285714285714,0.0,0.8,0.7607523845449509,0.519733185102835,17,0.8095238095238095,0.8095238095238094,Hyderabad
936,0.0,0.0,0.0,0.0714285714285714,0.0,0.0,0.0,0.0714285714285714,0.75,0.2147217718145486,0.5202890494719288,16,0.7142857142857142,0.7142857142857142,Vizag
937,0.0,0.0,0.0,0.0,0.0,0.0,0.0,0.0,0.8,0.9407224766616568,0.5208449138410227,16,0.7619047619047619,0.7619047619047619,Vizag
938,0.0,0.0,0.0,0.0,0.0,0.0,0.0,0.0,0.8,0.0189715135697992,0.5214007782101167,16,0.7619047619047619,0.7619047619047619,Vizag
939,0.0,0.0,0.0,0.0,0.0,0.0,0.0,0.0,0.75,0.4335380150270229,0.5219566425792107,15,0.7142857142857142,0.7142857142857142,Hyderabad
940,0.0,0.0,0.0,0.0,0.0,0.0,0.0,0.0,0.75,0.4286603935712652,0.5225125069483045,15,0.7142857142857142,0.7142857142857142,Samalkot
941,0.0,0.0,0.0,0.0,0.0,0.0,0.0,0.0,0.75,0.365161452241399,0.5230683713173986,15,0.7142857142857142,0.7142857142857142,Samalkot
942,0.0,0.0,0.0,0.0,0.0,0.0,0.0,0.0,0.75,0.3795137544598739,0.5236242356864924,15,0.7142857142857142,0.7142857142857142,Vizag
943,0.0,0.0,0.0,0.0,0.0,0.0,0.0,0.0,0.75,0.1000332473480662,0.5241801000555865,15,0.7142857142857142,0.7142857142857142,Rajahmundry
944,0.0,0.0714285714285714,0.0,0.0,0.0,0.0,0.0714285714285714,0.0,0.75,0.991220368767984,0.5247359644246803,16,0.7619047619047619,0.7619047619047619,Vizag
945,0.0,0.0,0.0,0.0714285714285714,0.0,0.0,0.0,0.0714285714285714,0.7000000000000001,0.664978479221451,0.5252918287937743,15,0.6666666666666666,0.6666666666666666,Kakinada
946,0.0,0.0,0.0,0.0,0.0,0.0,0.0,0.0,0.75,0.4742536354745674,0.5258476931628682,15,0.7142857142857142,0.7142857142857142,Vijayawada
947,0.0,0.0,0.0,0.0,0.0,0.0,0.0,0.0,0.7000000000000001,0.5181173113565614,0.5264035575319621,14,0.6666666666666666,0.6666666666666666,Bengaluru
948,0.0,0.0,0.0,0.0,0.0,0.0,0.0,0.0,0.7000000000000001,0.0042450956415014,0.5269594219010562,14,0.6666666666666666,0.6666666666666666,Vijayawada
949,0.0,0.0,0.0,0.0,0.0,0.0,0.0,0.0,0.7000000000000001,0.9779469734514036,0.5275152862701501,14,0.6666666666666666,0.6666666666666666,Hyderabad
950,0.0,0.0,0.0,0.0,0.0,0.0,0.0,0.0,0.7000000000000001,0.8967369014841986,0.528071150639244,14,0.6666666666666666,0.6666666666666666,Hyderabad
951,0.0,0.0,0.0,0.0,0.0,0.0,0.0,0.0,0.7000000000000001,0.3177546089656413,0.528627015008338,14,0.6666666666666666,0.6666666666666666,Kakinada
952,0.0,0.0,0.0,0.0,0.0,0.0,0.0,0.0,0.7000000000000001,0.2361355344055165,0.5291828793774318,14,0.6666666666666666,0.6666666666666666,Vizag
953,0.0,0.0,0.0,0.0,0.0,0.0,0.0,0.0,0.7000000000000001,0.2370894668322167,0.5297387437465259,14,0.6666666666666666,0.6666666666666666,Vizag
954,0.0,0.0,0.0,0.0,0.0,0.0,0.0,0.0,0.7000000000000001,0.399278602378591,0.5302946081156198,14,0.6666666666666666,0.6666666666666666,Samalkot
955,0.0,0.0,0.0,0.0,0.0,0.0,0.0,0.0,0.7000000000000001,0.5317693113305622,0.5308504724847136,14,0.6666666666666666,0.6666666666666666,Kakinada
956,0.0,0.0,0.0,0.0,0.0,0.0,0.0,0.0,0.7000000000000001,0.5066259471998091,0.5314063368538077,14,0.6666666666666666,0.6666666666666666,Rajahmundry
957,0.0,0.0,0.0,0.0,0.0,0.0,0.0,0.0,0.7000000000000001,0.7717564731426199,0.5319622012229016,14,0.6666666666666666,0.6666666666666666,Kakinada
958,0.0,0.0,0.0,0.0,0.0,0.0,0.0,0.0,0.7000000000000001,0.5887261006032394,0.5325180655919955,14,0.6666666666666666,0.6666666666666666,Kakinada
959,0.0,0.0,0.0,0.0,0.0,0.0,0.0,0.0,0.7000000000000001,0.5458680109798388,0.5330739299610895,14,0.6666666666666666,0.6666666666666666,Bengaluru
960,0.0,0.0714285714285714,1.0,0.0,1.0,0.0,0.0714285714285714,0.0,0.65,0.9819255210945828,0.5336297943301834,15,0.6666666666666666,0.6666666666666666,Hyderabad
961,0.0,0.0,0.0,0.0714285714285714,0.0,0.0,0.0,0.0714285714285714,0.65,0.6148113668910296,0.5341856586992774,14,0.6190476190476191,0.619047619047619,Bengaluru
962,0.0,0.0,0.0,0.0,0.0,0.0,0.0,0.0,0.65,0.2130255660442721,0.5347415230683712,13,0.6190476190476191,0.619047619047619,Hyderabad
963,0.0,0.0,0.0,0.0,0.0,0.0,0.0,0.0,0.6000000000000001,0.219265824910769,0.5352973874374652,12,0.5714285714285714,0.5714285714285713,Vijayawada
964,0.0,0.0,0.0,0.0,0.0,0.0,0.0,0.0,0.6000000000000001,0.5511583838689555,0.5358532518065592,12,0.5714285714285714,0.5714285714285713,Vijayawada
965,0.0,0.0,0.0,0.0,0.0,0.0,0.0,0.0,0.6000000000000001,0.924033997783252,0.5364091161756531,12,0.5714285714285714,0.5714285714285713,Rajahmundry
966,0.0,0.0,0.0,0.0,0.0,0.0,0.0,0.0,0.6000000000000001,0.4466051590236943,0.5369649805447472,12,0.5714285714285714,0.5714285714285713,Kakinada
967,0.0,0.0,0.0,0.0,0.0,0.0,0.0,0.0,0.6000000000000001,0.8647123232758733,0.537520844913841,12,0.5714285714285714,0.5714285714285713,Hyderabad
968,0.0,0.0,0.0,0.0,0.0,0.0,0.0,0.0,0.6000000000000001,0.9793437488148922,0.5380767092829349,12,0.5714285714285714,0.5714285714285713,Rajahmundry
969,0.0,0.0,0.0,0.0,0.0,0.0,0.0,0.0,0.6000000000000001,0.8887874981364006,0.5386325736520289,12,0.5714285714285714,0.5714285714285713,Vizag
970,0.0,0.0714285714285714,0.0,0.0,0.0,0.0,0.0714285714285714,0.0,0.6000000000000001,0.4911051749828692,0.5391884380211229,13,0.6190476190476191,0.619047619047619,Vijayawada
971,0.0,0.0,0.0,0.0714285714285714,0.0,0.0,0.0,0.0714285714285714,0.6000000000000001,0.5148246555114582,0.5397443023902168,13,0.5714285714285714,0.5714285714285713,Hyderabad
972,0.0,0.0,0.0,0.0,0.0,0.0,0.0,0.0,0.6000000000000001,0.703834653379322,0.5403001667593107,12,0.5714285714285714,0.5714285714285713,Samalkot
973,0.0,0.0,0.0,0.0,0.0,0.0,0.0,0.0,0.65,0.1085487799676361,0.5408560311284046,13,0.6190476190476191,0.619047619047619,Bengaluru
974,0.0,0.0,0.0,0.0,0.0,0.0,0.0,0.0,0.65,0.6172046257670789,0.5414118954974987,13,0.6190476190476191,0.619047619047619,Vizag
975,0.0,0.0,0.0,0.0,0.0,0.0,0.0,0.0,0.65,0.22257357072084,0.5419677598665925,13,0.6190476190476191,0.619047619047619,Bengaluru
976,0.0,0.0,0.0,0.0,0.0,0.0,0.0,0.0,0.65,0.8936489430045846,0.5425236242356865,13,0.6190476190476191,0.619047619047619,Bengaluru
977,0.0,0.0,0.0,0.0,0.0,0.0,0.0,0.0,0.6000000000000001,0.660667589604869,0.5430794886047804,12,0.5714285714285714,0.5714285714285713,Bengaluru
978,0.0,0.0,0.0,0.0,0.0,0.0,0.0,0.0,0.6000000000000001,0.4960847816274321,0.5436353529738744,12,0.5714285714285714,0.5714285714285713,Vijayawada
979,0.0,0.0,0.0,0.0,0.0,0.0,0.0,0.0,0.6000000000000001,0.7807193663176224,0.5441912173429683,12,0.5714285714285714,0.5714285714285713,Kakinada
980,0.0,0.0,0.0,0.0,0.0,0.0,0.0,0.0,0.6000000000000001,0.2914343423054997,0.5447470817120622,12,0.5714285714285714,0.5714285714285713,Vijayawada
981,0.0,0.1428571428571428,0.0,0.0,0.0,0.0,0.1428571428571428,0.0,0.55,0.3506129131888222,0.5453029460811563,13,0.6190476190476191,0.619047619047619,Rajahmundry
982,0.0,0.0,0.0,0.1428571428571428,0.0,0.0,0.0,0.1428571428571428,0.55,0.4919064213374224,0.5458588104502502,13,0.5238095238095237,0.5238095238095237,Rajahmundry
983,0.0,0.0,0.0,0.0,0.0,0.0,0.0,0.0,0.65,0.7407955383512657,0.546414674819344,13,0.6190476190476191,0.619047619047619,Hyderabad
984,0.0,0.0,0.0,0.0,0.0,0.0,0.0,0.0,0.65,0.3700718902896722,0.546970539188438,13,0.6190476190476191,0.619047619047619,Kakinada
985,0.0,0.0,0.0,0.0,0.0,0.0,0.0,0.0,0.65,0.0460430033199621,0.547526403557532,13,0.6190476190476191,0.619047619047619,Rajahmundry
986,0.0,0.0,0.0,0.0,0.0,0.0,0.0,0.0,0.65,0.2821439117371316,0.548082267926626,13,0.6190476190476191,0.619047619047619,Hyderabad
987,0.0,0.0,0.0,0.0,0.0,0.0,0.0,0.0,0.6000000000000001,0.937289831526774,0.5486381322957198,12,0.5714285714285714,0.5714285714285713,Rajahmundry
988,0.0,0.0714285714285714,0.0,0.0,0.0,0.0,0.0714285714285714,0.0,0.6000000000000001,0.5326610807144381,0.5491939966648137,13,0.6190476190476191,0.619047619047619,Rajahmundry
989,0.0,0.0714285714285714,0.0,0.0714285714285714,0.0,0.0,0.0714285714285714,0.0714285714285714,0.6000000000000001,0.8275727360918215,0.5497498610339078,14,0.6190476190476191,0.619047619047619,Rajahmundry
990,0.0,0.0,0.0,0.0714285714285714,0.0,0.0,0.0,0.0714285714285714,0.65,0.6042498944084385,0.5503057254030017,14,0.6190476190476191,0.619047619047619,Samalkot
991,0.0,0.0,0.0,0.0,0.0,0.0,0.0,0.0,0.7000000000000001,0.5498994562051709,0.5508615897720955,14,0.6666666666666666,0.6666666666666666,Vizag
992,0.0,0.0,0.0,0.0,0.0,0.0,0.0,0.0,0.7000000000000001,0.9159726372604976,0.5514174541411895,14,0.6666666666666666,0.6666666666666666,Samalkot
993,0.0,0.0714285714285714,0.0,0.0,0.0,0.0,0.0714285714285714,0.0,0.7000000000000001,0.2319587278765595,0.5519733185102835,15,0.7142857142857142,0.7142857142857142,Kakinada
994,0.0,0.0,0.0,0.0714285714285714,0.0,0.0,0.0,0.0714285714285714,0.7000000000000001,0.436458448989363,0.5525291828793775,15,0.6666666666666666,0.6666666666666666,Kakinada
995,0.0,0.0,0.0,0.0,0.0,0.0,0.0,0.0,0.75,0.6598175333121379,0.5530850472484713,15,0.7142857142857142,0.7142857142857142,Kakinada
996,0.0,0.0,0.0,0.0,0.0,0.0,0.0,0.0,0.75,0.8184810778316687,0.5536409116175653,15,0.7142857142857142,0.7142857142857142,Samalkot
997,0.0,0.0,0.0,0.0,0.0,0.0,0.0,0.0,0.75,0.6207500194836553,0.5541967759866593,15,0.7142857142857142,0.7142857142857142,Bengaluru
998,0.0,0.0,0.0,0.0,0.0,0.0,0.0,0.0,0.75,0.6410110651925409,0.5547526403557532,15,0.7142857142857142,0.7142857142857142,Rajahmundry
999,0.0,0.0,0.0,0.0,0.0,0.0,0.0,0.0,0.7000000000000001,0.5216457064715572,0.555308504724847,14,0.6666666666666666,0.6666666666666666,Hyderabad
1000,0.0,0.0,0.0,0.0,0.0,0.0,0.0,0.0,0.7000000000000001,0.04864607386422,0.5558643690939411,14,0.6666666666666666,0.6666666666666666,Vizag
1001,0.0,0.0,0.0,0.0,0.0,0.0,0.0,0.0,0.7000000000000001,0.5899523667278235,0.556420233463035,14,0.6666666666666666,0.6666666666666666,Kakinada
1002,0.0,0.1428571428571428,0.0,0.0,0.0,0.0,0.1428571428571428,0.0,0.7000000000000001,0.162943538762051,0.556976097832129,16,0.7619047619047619,0.7619047619047619,Hyderabad
1003,0.0,0.0,0.0,0.1428571428571428,0.0,0.0,0.0,0.1428571428571428,0.7000000000000001,0.5267807661943045,0.5575319622012228,16,0.6666666666666666,0.6666666666666666,Hyderabad
1004,0.0,0.0,0.0,0.0,0.0,0.0,0.0,0.0,0.8,0.1115573945709691,0.5580878265703169,16,0.7619047619047619,0.7619047619047619,Vijayawada
1005,0.0,0.0,0.0,0.0,0.0,0.0,0.0,0.0,0.8,0.4621246439114634,0.5586436909394108,16,0.7619047619047619,0.7619047619047619,Hyderabad
1006,0.0,0.0,0.0,0.0,0.0,0.0,0.0,0.0,0.8,0.7284315799004988,0.5591995553085047,16,0.7619047619047619,0.7619047619047619,Vizag
1007,0.0,0.0,0.0,0.0,0.0,0.0,0.0,0.0,0.8,0.5281804818626554,0.5597554196775986,16,0.7619047619047619,0.7619047619047619,Vijayawada
1008,0.0,0.0,0.0,0.0,0.0,0.0,0.0,0.0,0.8,0.7663587781087953,0.5603112840466926,16,0.7619047619047619,0.7619047619047619,Rajahmundry
1009,0.0,0.0,0.0,0.0,0.0,0.0,0.0,0.0,0.8,0.5051641663102653,0.5608671484157866,16,0.7619047619047619,0.7619047619047619,Vijayawada
1010,0.0,0.0,0.0,0.0,0.0,0.0,0.0,0.0,0.8,0.1210771154853007,0.5614230127848805,16,0.7619047619047619,0.7619047619047619,Hyderabad
1011,0.0,0.0,0.0,0.0,0.0,0.0,0.0,0.0,0.7000000000000001,0.4608577614420741,0.5619788771539744,14,0.6666666666666666,0.6666666666666666,Bengaluru
1012,0.0,0.0,0.0,0.0,0.0,0.0,0.0,0.0,0.7000000000000001,0.0815353524930668,0.5625347415230684,14,0.6666666666666666,0.6666666666666666,Vizag
1013,0.0,0.0,0.0,0.0,0.0,0.0,0.0,0.0,0.65,0.3235617476879833,0.5630906058921623,13,0.6190476190476191,0.619047619047619,Samalkot
1014,0.0,0.0,0.0,0.0,0.0,0.0,0.0,0.0,0.65,0.1827944515541399,0.5636464702612562,13,0.6190476190476191,0.619047619047619,Rajahmundry
1015,0.0,0.0714285714285714,0.0,0.0,0.0,0.0,0.0714285714285714,0.0,0.65,0.0202107449213737,0.5642023346303502,14,0.6666666666666666,0.6666666666666666,Vizag
1016,0.0,0.0,0.0,0.0714285714285714,0.0,0.0,0.0,0.0714285714285714,0.65,0.3295214077522441,0.5647581989994441,14,0.6190476190476191,0.619047619047619,Vizag
1017,0.0,0.0,0.0,0.0,0.0,0.0,0.0,0.0,0.65,0.3311393196432735,0.5653140633685381,13,0.6190476190476191,0.619047619047619,Bengaluru
1018,0.0,0.0,0.0,0.0,0.0,0.0,0.0,0.0,0.65,0.907831449863574,0.565869927737632,13,0.6190476190476191,0.619047619047619,Samalkot
1019,0.0,0.0,0.0,0.0,0.0,0.0,0.0,0.0,0.65,0.0028585594944869,0.566425792106726,13,0.6190476190476191,0.619047619047619,Samalkot
1020,0.0,0.0,0.0,0.0,0.0,0.0,0.0,0.0,0.65,0.7492814419856066,0.5669816564758199,13,0.6190476190476191,0.619047619047619,Hyderabad
1021,0.0,0.0,0.0,0.0,0.0,0.0,0.0,0.0,0.65,0.3086791080715005,0.5675375208449138,13,0.6190476190476191,0.619047619047619,Vijayawada
1022,0.0,0.0,0.0,0.0,0.0,0.0,0.0,0.0,0.65,0.6435083118941418,0.5680933852140078,13,0.6190476190476191,0.619047619047619,Samalkot
1023,0.0,0.0,0.0,0.0,0.0,0.0,0.0,0.0,0.65,0.0486427051658393,0.5686492495831017,13,0.6190476190476191,0.619047619047619,Hyderabad
1024,0.0,0.0,0.0,0.0,0.0,0.0,0.0,0.0,0.65,0.9302200042827105,0.5692051139521956,13,0.6190476190476191,0.619047619047619,Kakinada
1025,0.0,0.0,0.0,0.0,0.0,0.0,0.0,0.0,0.65,0.1897911586163061,0.5697609783212896,13,0.6190476190476191,0.619047619047619,Bengaluru
1026,0.0,0.0,0.0,0.0,0.0,0.0,0.0,0.0,0.65,0.2682667634609752,0.5703168426903836,13,0.6190476190476191,0.619047619047619,Kakinada
1027,0.0,0.0714285714285714,0.0,0.0,0.0,0.0,0.0714285714285714,0.0,0.65,0.0386989416109146,0.5708727070594775,14,0.6666666666666666,0.6666666666666666,Bengaluru
1028,0.0,0.0,0.0,0.0714285714285714,0.0,0.0,0.0,0.0714285714285714,0.6000000000000001,0.7826637639147225,0.5714285714285714,13,0.5714285714285714,0.5714285714285713,Samalkot
1029,0.0,0.0,0.0,0.0,0.0,0.0,0.0,0.0,0.6000000000000001,0.8405707281961343,0.5719844357976653,12,0.5714285714285714,0.5714285714285713,Rajahmundry
1030,0.0,0.0,0.0,0.0,0.0,0.0,0.0,0.0,0.6000000000000001,0.3372530801956228,0.5725403001667594,12,0.5714285714285714,0.5714285714285713,Rajahmundry
1031,0.0,0.0,0.0,0.0,0.0,0.0,0.0,0.0,0.6000000000000001,0.4516179268552749,0.5730961645358532,12,0.5714285714285714,0.5714285714285713,Samalkot
1032,0.0,0.0714285714285714,0.0,0.0,0.0,0.0,0.0714285714285714,0.0,0.6000000000000001,0.6025361814151138,0.5736520289049472,13,0.6190476190476191,0.619047619047619,Rajahmundry
1033,0.0,0.0,0.0,0.0714285714285714,0.0,0.0,0.0,0.0714285714285714,0.6000000000000001,0.5862843799742345,0.5742078932740411,13,0.5714285714285714,0.5714285714285713,Hyderabad
1034,0.0,0.0,0.0,0.0,0.0,0.0,0.0,0.0,0.65,0.4321656287444992,0.5747637576431351,13,0.6190476190476191,0.619047619047619,Bengaluru
1035,0.0,0.0,0.0,0.0,0.0,0.0,0.0,0.0,0.65,0.1001072438647936,0.575319622012229,13,0.6190476190476191,0.619047619047619,Rajahmundry
1036,0.0,0.0,0.0,0.0,0.0,0.0,0.0,0.0,0.65,0.3588657489008906,0.5758754863813229,13,0.6190476190476191,0.619047619047619,Hyderabad
1037,0.0,0.0,0.0,0.0,0.0,0.0,0.0,0.0,0.65,0.5556560383040201,0.5764313507504168,13,0.6190476190476191,0.619047619047619,Samalkot
1038,0.0,0.0,0.0,0.0,0.0,0.0,0.0,0.0,0.65,0.7430809524948152,0.5769872151195109,13,0.6190476190476191,0.619047619047619,Rajahmundry
1039,0.0,0.0,0.0,0.0,0.0,0.0,0.0,0.0,0.65,0.955716334311367,0.5775430794886047,13,0.6190476190476191,0.619047619047619,Samalkot
1040,0.0,0.0,0.0,0.0,0.0,0.0,0.0,0.0,0.65,0.4671616927925057,0.5780989438576987,13,0.6190476190476191,0.619047619047619,Vizag
1041,0.0,0.0,0.0,0.0,0.0,0.0,0.0,0.0,0.65,0.3668915056851796,0.5786548082267927,13,0.6190476190476191,0.619047619047619,Hyderabad
1042,0.0,0.0,0.0,0.0,0.0,0.0,0.0,0.0,0.65,0.8267461869377635,0.5792106725958867,13,0.6190476190476191,0.619047619047619,Samalkot
1043,0.0,0.0714285714285714,0.0,0.0,0.0,0.0,0.0714285714285714,0.0,0.6000000000000001,0.6230858923465561,0.5797665369649805,13,0.6190476190476191,0.619047619047619,Rajahmundry
1044,0.0,0.0,0.0,0.0714285714285714,0.0,0.0,0.0,0.0714285714285714,0.6000000000000001,0.0754905204764735,0.5803224013340744,13,0.5714285714285714,0.5714285714285713,Bengaluru
1045,0.0,0.0,0.0,0.0,0.0,0.0,0.0,0.0,0.65,0.8943647298036022,0.5808782657031685,13,0.6190476190476191,0.619047619047619,Hyderabad
1046,0.0,0.0,0.0,0.0,0.0,0.0,0.0,0.0,0.65,0.0392989817567719,0.5814341300722624,13,0.6190476190476191,0.619047619047619,Vizag
1047,0.0,0.0,0.0,0.0,0.0,0.0,0.0,0.0,0.65,0.7622117569564228,0.5819899944413562,13,0.6190476190476191,0.619047619047619,Kakinada
1048,0.0,0.0,0.0,0.0,0.0,0.0,0.0,0.0,0.65,0.4454803578764694,0.5825458588104502,13,0.6190476190476191,0.619047619047619,Bengaluru
1049,0.0,0.0,0.0,0.0,0.0,0.0,0.0,0.0,0.65,0.2701137734107379,0.5831017231795442,13,0.6190476190476191,0.619047619047619,Vijayawada
1050,0.0,0.0714285714285714,0.0,0.0,0.0,0.0,0.0714285714285714,0.0,0.65,0.6207227486602891,0.5836575875486382,14,0.6666666666666666,0.6666666666666666,Vijayawada
1051,0.0,0.0,0.0,0.0714285714285714,0.0,0.0,0.0,0.0714285714285714,0.65,0.754298991872703,0.584213451917732,14,0.6190476190476191,0.619047619047619,Vijayawada
1052,0.0,0.0,0.0,0.0,0.0,0.0,0.0,0.0,0.7000000000000001,0.6977533186354412,0.5847693162868259,14,0.6666666666666666,0.6666666666666666,Bengaluru
1053,0.0,0.0,0.0,0.0,0.0,0.0,0.0,0.0,0.7000000000000001,0.4562663799896196,0.58532518065592,14,0.6666666666666666,0.6666666666666666,Rajahmundry
1054,0.0,0.0,0.0,0.0,0.0,0.0,0.0,0.0,0.7000000000000001,0.3894780786876894,0.5858810450250139,14,0.6666666666666666,0.6666666666666666,Samalkot
1055,0.0,0.0,0.0,0.0,0.0,0.0,0.0,0.0,0.7000000000000001,0.3280049679270447,0.5864369093941078,14,0.6666666666666666,0.6666666666666666,Vizag
1056,0.0,0.0,0.0,0.0,0.0,0.0,0.0,0.0,0.7000000000000001,0.4013513206364614,0.5869927737632018,14,0.6666666666666666,0.6666666666666666,Kakinada
1057,0.0,0.0,0.0,0.0,0.0,0.0,0.0,0.0,0.7000000000000001,0.9425289175830576,0.5875486381322957,14,0.6666666666666666,0.6666666666666666,Vizag
1058,0.0,0.0,0.0,0.0,0.0,0.0,0.0,0.0,0.7000000000000001,0.4386483194356561,0.5881045025013897,14,0.6666666666666666,0.6666666666666666,Bengaluru
1059,0.0,0.0,0.0,0.0,0.0,0.0,0.0,0.0,0.65,0.6557225029866636,0.5886603668704835,13,0.6190476190476191,0.619047619047619,Bengaluru
1060,0.0,0.0,0.0,0.0,0.0,0.0,0.0,0.0,0.65,0.2434889781477596,0.5892162312395776,13,0.6190476190476191,0.619047619047619,Kakinada
1061,0.0,0.0714285714285714,0.0,0.0,0.0,0.0,0.0714285714285714,0.0,0.65,0.9185713968856232,0.5897720956086715,14,0.6666666666666666,0.6666666666666666,Vijayawada
1062,0.0,0.0,0.0,0.0714285714285714,0.0,0.0,0.0,0.0714285714285714,0.65,0.0,0.5903279599777654,14,0.6190476190476191,0.619047619047619,Rajahmundry
1063,0.0,0.0,0.0,0.0,0.0,0.0,0.0,0.0,0.7000000000000001,0.9472886537064842,0.5908838243468593,14,0.6666666666666666,0.6666666666666666,Kakinada
1064,0.0,0.0,0.0,0.0,0.0,0.0,0.0,0.0,0.7000000000000001,0.6625751845323533,0.5914396887159533,14,0.6666666666666666,0.6666666666666666,Hyderabad
1065,0.0,0.0,0.0,0.0,0.0,0.0,0.0,0.0,0.7000000000000001,0.126371448311735,0.5919955530850473,14,0.6666666666666666,0.6666666666666666,Samalkot
1066,0.0,0.0,0.0,0.0,0.0,0.0,0.0,0.0,0.7000000000000001,0.1476899482730573,0.5925514174541412,14,0.6666666666666666,0.6666666666666666,Rajahmundry
1067,0.0,0.0,0.0,0.0,0.0,0.0,0.0,0.0,0.7000000000000001,0.9383123194835776,0.593107281823235,14,0.6666666666666666,0.6666666666666666,Vijayawada
1068,0.0,0.0,0.0,0.0,0.0,0.0,0.0,0.0,0.7000000000000001,0.078895538278529,0.5936631461923291,14,0.6666666666666666,0.6666666666666666,Vijayawada
1069,0.0,0.0714285714285714,0.0,0.0,0.0,0.0,0.0714285714285714,0.0,0.7000000000000001,0.934209622898797,0.594219010561423,15,0.7142857142857142,0.7142857142857142,Bengaluru
1070,0.0,0.0,0.0,0.0714285714285714,0.0,0.0,0.0,0.0714285714285714,0.7000000000000001,0.6891511745567462,0.594774874930517,15,0.6666666666666666,0.6666666666666666,Vizag
1071,0.0,0.0,0.0,0.0,0.0,0.0,0.0,0.0,0.75,0.7280255347296651,0.5953307392996109,15,0.7142857142857142,0.7142857142857142,Rajahmundry
1072,0.0,0.0,0.0,0.0,0.0,0.0,0.0,0.0,0.75,0.6252448537355249,0.5958866036687048,15,0.7142857142857142,0.7142857142857142,Vijayawada
1073,0.0,0.0714285714285714,0.0,0.0,0.0,0.0,0.0714285714285714,0.0,0.75,0.7338799850020403,0.5964424680377988,16,0.7619047619047619,0.7619047619047619,Vizag
1074,0.0,0.0,0.0,0.0714285714285714,0.0,0.0,0.0,0.0714285714285714,0.75,0.4995123056340536,0.5969983324068927,16,0.7142857142857142,0.7142857142857142,Kakinada
1075,0.0,0.0,0.0,0.0,0.0,0.0,0.0,0.0,0.8,0.2505001443465731,0.5975541967759866,16,0.7619047619047619,0.7619047619047619,Vijayawada
1076,0.0,0.0,0.0,0.0,0.0,0.0,0.0,0.0,0.8,0.1923541349588007,0.5981100611450806,16,0.7619047619047619,0.7619047619047619,Bengaluru
1077,0.0,0.0,0.0,0.0,0.0,0.0,0.0,0.0,0.75,0.7299001265489076,0.5986659255141745,15,0.7142857142857142,0.7142857142857142,Vizag
1078,0.0,0.0,0.0,0.0,0.0,0.0,0.0,0.0,0.75,0.32725665539802,0.5992217898832685,15,0.7142857142857142,0.7142857142857142,Bengaluru
1079,0.0,0.0,0.0,0.0,0.0,0.0,0.0,0.0,0.75,0.6043060649641079,0.5997776542523624,15,0.7142857142857142,0.7142857142857142,Vizag
1080,0.0,0.0,0.0,0.0,0.0,0.0,0.0,0.0,0.7000000000000001,0.6479663390133323,0.6003335186214563,14,0.6666666666666666,0.6666666666666666,Kakinada
1081,0.0,0.0,0.0,0.0,0.0,0.0,0.0,0.0,0.65,0.1901237468220249,0.6008893829905503,13,0.6190476190476191,0.619047619047619,Bengaluru
1082,0.0,0.0,0.0,0.0,0.0,0.0,0.0,0.0,0.65,0.7239275502522566,0.6014452473596442,13,0.6190476190476191,0.619047619047619,Bengaluru
1083,0.0,0.0,0.0,0.0,0.0,0.0,0.0,0.0,0.65,0.7419004270412946,0.6020011117287382,13,0.6190476190476191,0.619047619047619,Vijayawada
1084,0.0,0.0,0.0,0.0,0.0,0.0,0.0,0.0,0.6000000000000001,0.3512916720470593,0.6025569760978321,12,0.5714285714285714,0.5714285714285713,Rajahmundry
1085,0.0,0.0,0.0,0.0,0.0,0.0,0.0,0.0,0.6000000000000001,0.7182668936122121,0.6031128404669259,12,0.5714285714285714,0.5714285714285713,Rajahmundry
1086,0.0,0.0,0.0,0.0,0.0,0.0,0.0,0.0,0.6000000000000001,0.6903961419458393,0.6036687048360201,12,0.5714285714285714,0.5714285714285713,Samalkot
1087,0.0,0.0,0.0,0.0,0.0,0.0,0.0,0.0,0.6000000000000001,0.2524692496801557,0.6042245692051138,12,0.5714285714285714,0.5714285714285713,Hyderabad
1088,0.0,0.0,0.0,0.0,0.0,0.0,0.0,0.0,0.6000000000000001,0.8473851531507566,0.6047804335742079,12,0.5714285714285714,0.5714285714285713,Vijayawada
1089,0.0,0.0714285714285714,0.0,0.0,0.0,0.0,0.0714285714285714,0.0,0.55,0.6740819500642832,0.6053362979433018,12,0.5714285714285714,0.5714285714285713,Rajahmundry
1090,0.0,0.0,0.0,0.0714285714285714,0.0,0.0,0.0,0.0714285714285714,0.6000000000000001,0.2997274737821476,0.6058921623123958,13,0.5714285714285714,0.5714285714285713,Rajahmundry
1091,0.0,0.0,0.0,0.0,0.0,0.0,0.0,0.0,0.65,0.9515662043016822,0.6064480266814897,13,0.6190476190476191,0.619047619047619,Vizag
1092,0.0,0.0,0.0,0.0,0.0,0.0,0.0,0.0,0.65,0.9638899243481864,0.6070038910505836,13,0.6190476190476191,0.619047619047619,Vizag
1093,0.0,0.0,0.0,0.0,0.0,0.0,0.0,0.0,0.65,0.3719314778379452,0.6075597554196775,13,0.6190476190476191,0.619047619047619,Vijayawada
1094,0.0,0.0,0.0,0.0,0.0,0.0,0.0,0.0,0.65,0.341078893648681,0.6081156197887716,13,0.6190476190476191,0.619047619047619,Rajahmundry
1095,0.0,0.0714285714285714,0.0,0.0,0.0,0.0,0.0714285714285714,0.0,0.6000000000000001,0.883682464845214,0.6086714841578654,13,0.6190476190476191,0.619047619047619,Rajahmundry
1096,0.0,0.0,0.0,0.0714285714285714,0.0,0.0,0.0,0.0714285714285714,0.6000000000000001,0.5283201045217589,0.6092273485269594,13,0.5714285714285714,0.5714285714285713,Hyderabad
1097,0.0,0.0,0.0,0.0,0.0,0.0,0.0,0.0,0.65,0.2204371457975222,0.6097832128960533,13,0.6190476190476191,0.619047619047619,Hyderabad
1098,0.0,0.0,0.0,0.0,0.0,0.0,0.0,0.0,0.65,0.6350171131155564,0.6103390772651474,13,0.6190476190476191,0.619047619047619,Hyderabad
1099,0.0,0.0,0.0,0.0,0.0,0.0,0.0,0.0,0.65,0.0857330098906603,0.6108949416342412,13,0.6190476190476191,0.619047619047619,Hyderabad
1100,0.0,0.0714285714285714,0.0,0.0,0.0,0.0,0.0714285714285714,0.0,0.65,0.946163937713428,0.611450806003335,14,0.6666666666666666,0.6666666666666666,Rajahmundry
1101,0.0,0.0,0.0,0.0714285714285714,0.0,0.0,0.0,0.0714285714285714,0.6000000000000001,0.3642221197200619,0.6120066703724292,13,0.5714285714285714,0.5714285714285713,Samalkot
1102,0.0,0.0,0.0,0.0,0.0,0.0,0.0,0.0,0.65,0.6798469326757048,0.612562534741523,13,0.6190476190476191,0.619047619047619,Samalkot
1103,0.0,0.0,0.0,0.0,0.0,0.0,0.0,0.0,0.65,0.375927927208991,0.6131183991106169,13,0.6190476190476191,0.619047619047619,Kakinada
1104,0.0,0.0,0.0,0.0,0.0,0.0,0.0,0.0,0.65,0.5244243336636019,0.6136742634797109,13,0.6190476190476191,0.619047619047619,Hyderabad
1105,0.0,0.0,0.0,0.0,0.0,0.0,0.0,0.0,0.65,0.2784045169308975,0.6142301278488049,13,0.6190476190476191,0.619047619047619,Kakinada
1106,0.0,0.0,0.0,0.0,0.0,0.0,0.0,0.0,0.65,0.7880300491006647,0.6147859922178989,13,0.6190476190476191,0.619047619047619,Samalkot
1107,0.0,0.0,0.0,0.0,0.0,0.0,0.0,0.0,0.6000000000000001,0.9939916333280248,0.6153418565869927,12,0.5714285714285714,0.5714285714285713,Hyderabad
1108,0.0,0.0,0.0,0.0,0.0,0.0,0.0,0.0,0.6000000000000001,0.2442912056287913,0.6158977209560866,12,0.5714285714285714,0.5714285714285713,Samalkot
1109,0.0,0.0,0.0,0.0,0.0,0.0,0.0,0.0,0.6000000000000001,0.9746303082719818,0.6164535853251807,12,0.5714285714285714,0.5714285714285713,Hyderabad
1110,0.0,0.0,0.0,0.0,0.0,0.0,0.0,0.0,0.55,0.3634057123626679,0.6170094496942746,11,0.5238095238095237,0.5238095238095237,Samalkot
1111,0.0,0.1428571428571428,0.0,0.0,0.0,0.0,0.1428571428571428,0.0,0.55,0.3056240501613589,0.6175653140633685,13,0.6190476190476191,0.619047619047619,Vijayawada
1112,0.0,0.0,0.0,0.1428571428571428,0.0,0.0,0.0,0.1428571428571428,0.55,0.3722409079605062,0.6181211784324624,13,0.5238095238095237,0.5238095238095237,Bengaluru
1113,0.0,0.0,0.0,0.0,0.0,0.0,0.0,0.0,0.65,0.080222181288361,0.6186770428015564,13,0.6190476190476191,0.619047619047619,Hyderabad
1114,0.0,0.0,0.0,0.0,0.0,0.0,0.0,0.0,0.65,0.4111217760404713,0.6192329071706504,13,0.6190476190476191,0.619047619047619,Kakinada
1115,0.0,0.0,0.0,0.0,0.0,0.0,0.0,0.0,0.65,0.0142581632444822,0.6197887715397441,13,0.6190476190476191,0.619047619047619,Rajahmundry
1116,0.0,0.0,0.0,0.0,0.0,0.0,0.0,0.0,0.65,0.6746970423877581,0.6203446359088383,13,0.6190476190476191,0.619047619047619,Hyderabad
1117,0.0,0.0,0.0,0.0,0.0,0.0,0.0,0.0,0.65,0.0150874961567537,0.6209005002779321,13,0.6190476190476191,0.619047619047619,Kakinada
1118,0.0,0.0,0.0,0.0,0.0,0.0,0.0,0.0,0.65,0.3065869506478871,0.6214563646470261,13,0.6190476190476191,0.619047619047619,Bengaluru
1119,0.0,0.0,0.0,0.0,0.0,0.0,0.0,0.0,0.65,0.942976079090013,0.62201222901612,13,0.6190476190476191,0.619047619047619,Rajahmundry
1120,0.0,0.0,0.0,0.0,0.0,0.0,0.0,0.0,0.65,0.7866491165075653,0.622568093385214,13,0.6190476190476191,0.619047619047619,Samalkot
1121,0.0,0.0,0.0,0.0,0.0,0.0,0.0,0.0,0.65,0.5938348057443992,0.623123957754308,13,0.6190476190476191,0.619047619047619,Rajahmundry
1122,0.0,0.0,0.0,0.0,0.0,0.0,0.0,0.0,0.65,0.1689275155445688,0.6236798221234019,13,0.6190476190476191,0.619047619047619,Hyderabad
1123,0.0,0.0714285714285714,0.0,0.0,0.0,0.0,0.0714285714285714,0.0,0.65,0.4591596029004343,0.6242356864924957,14,0.6666666666666666,0.6666666666666666,Bengaluru
1124,0.0,0.0,0.0,0.0714285714285714,0.0,0.0,0.0,0.0714285714285714,0.65,0.0456146302212832,0.6247915508615898,14,0.6190476190476191,0.619047619047619,Kakinada
1125,0.0,0.0,0.0,0.0,0.0,0.0,0.0,0.0,0.7000000000000001,0.8576688610067125,0.6253474152306837,14,0.6666666666666666,0.6666666666666666,Rajahmundry
1126,0.0,0.0,0.0,0.0,0.0,0.0,0.0,0.0,0.7000000000000001,0.2311439636369747,0.6259032795997777,14,0.6666666666666666,0.6666666666666666,Hyderabad
1127,0.0,0.0,0.0,0.0,0.0,0.0,0.0,0.0,0.7000000000000001,0.5020428414152511,0.6264591439688715,14,0.6666666666666666,0.6666666666666666,Hyderabad
1128,0.0,0.0,0.0,0.0,0.0,0.0,0.0,0.0,0.65,0.5424322201039378,0.6270150083379655,13,0.6190476190476191,0.619047619047619,Samalkot
1129,0.0,0.0,0.0,0.0,0.0,0.0,0.0,0.0,0.6000000000000001,0.5519887952414979,0.6275708727070595,12,0.5714285714285714,0.5714285714285713,Rajahmundry
1130,0.0,0.0,0.0,0.0,0.0,0.0,0.0,0.0,0.6000000000000001,0.8263696083480241,0.6281267370761533,12,0.5714285714285714,0.5714285714285713,Hyderabad
1131,0.0,0.0,0.0,0.0,0.0,0.0,0.0,0.0,0.6000000000000001,0.0721353178181998,0.6286826014452473,12,0.5714285714285714,0.5714285714285713,Samalkot
1132,0.0,0.0,0.0,0.0,0.0,0.0,0.0,0.0,0.6000000000000001,0.2429280460327976,0.6292384658143412,12,0.5714285714285714,0.5714285714285713,Hyderabad
1133,0.0,0.0,0.0,0.0,0.0,0.0,0.0,0.0,0.6000000000000001,0.7102760910029107,0.6297943301834352,12,0.5714285714285714,0.5714285714285713,Kakinada
1134,0.0,0.0714285714285714,0.0,0.0,0.0,0.0,0.0714285714285714,0.0,0.6000000000000001,0.1957251869981227,0.6303501945525292,13,0.6190476190476191,0.619047619047619,Hyderabad
1135,0.0,0.0,0.0,0.0714285714285714,0.0,0.0,0.0,0.0714285714285714,0.6000000000000001,0.3459151449291044,0.6309060589216231,13,0.5714285714285714,0.5714285714285713,Vizag
1136,0.0,0.0,0.0,0.0,0.0,0.0,0.0,0.0,0.65,0.5116800971344362,0.631461923290717,13,0.6190476190476191,0.619047619047619,Bengaluru
1137,0.0,0.0,0.0,0.0,0.0,0.0,0.0,0.0,0.65,0.7950702501879698,0.632017787659811,13,0.6190476190476191,0.619047619047619,Bengaluru
1138,0.0,0.0,0.0,0.0,0.0,0.0,0.0,0.0,0.65,0.9968330069729484,0.6325736520289049,13,0.6190476190476191,0.619047619047619,Hyderabad
1139,0.0,0.0,0.0,0.0,0.0,0.0,0.0,0.0,0.65,0.0485950037598688,0.6331295163979989,13,0.6190476190476191,0.619047619047619,Hyderabad
1140,0.0,0.0,0.0,0.0,0.0,0.0,0.0,0.0,0.65,0.0387624293102737,0.6336853807670928,13,0.6190476190476191,0.619047619047619,Vizag
1141,0.0,0.0,0.0,0.0,0.0,0.0,0.0,0.0,0.65,0.760759391014389,0.6342412451361867,13,0.6190476190476191,0.619047619047619,Kakinada
1142,0.0,0.0,0.0,0.0,0.0,0.0,0.0,0.0,0.65,0.6647680324209309,0.6347971095052807,13,0.6190476190476191,0.619047619047619,Bengaluru
1143,0.0,0.0,0.0,0.0,0.0,0.0,0.0,0.0,0.65,0.1395183210455579,0.6353529738743746,13,0.6190476190476191,0.619047619047619,Samalkot
1144,0.0,0.0,0.0,0.0,0.0,0.0,0.0,0.0,0.65,0.0230571339897749,0.6359088382434686,13,0.6190476190476191,0.619047619047619,Kakinada
1145,0.0,0.0,0.0,0.0,0.0,0.0,0.0,0.0,0.65,0.1108008955489849,0.6364647026125624,13,0.6190476190476191,0.619047619047619,Kakinada
1146,0.0,0.0,0.0,0.0,0.0,0.0,0.0,0.0,0.6000000000000001,0.0552137814938853,0.6370205669816565,12,0.5714285714285714,0.5714285714285713,Bengaluru
1147,0.0,0.0,0.0,0.0,0.0,0.0,0.0,0.0,0.55,0.7084485101455249,0.6375764313507503,11,0.5238095238095237,0.5238095238095237,Bengaluru
1148,0.0,0.0,0.0,0.0,0.0,0.0,0.0,0.0,0.55,0.0500882348909494,0.6381322957198443,11,0.5238095238095237,0.5238095238095237,Bengaluru
1149,0.0,0.0,0.0,0.0,0.0,0.0,0.0,0.0,0.55,0.722788757845146,0.6386881600889383,11,0.5238095238095237,0.5238095238095237,Bengaluru
1150,0.0,0.0,0.0,0.0,0.0,0.0,0.0,0.0,0.55,0.1259624403969939,0.6392440244580323,11,0.5238095238095237,0.5238095238095237,Kakinada
1151,0.0,0.0,0.0,0.0,0.0,0.0,0.0,0.0,0.55,0.5446762953024824,0.6397998888271261,11,0.5238095238095237,0.5238095238095237,Samalkot
1152,0.0,0.0,0.0,0.0,0.0,0.0,0.0,0.0,0.55,0.9545721424104888,0.6403557531962201,11,0.5238095238095237,0.5238095238095237,Bengaluru
1153,0.0,0.0,0.0,0.0,0.0,0.0,0.0,0.0,0.55,0.6043105384299801,0.640911617565314,11,0.5238095238095237,0.5238095238095237,Rajahmundry
1154,0.0,0.0,0.0,0.0,0.0,0.0,0.0,0.0,0.55,0.1447793944317632,0.6414674819344081,11,0.5238095238095237,0.5238095238095237,Vijayawada
1155,0.0,0.0,0.0,0.0,0.0,0.0,0.0,0.0,0.55,0.3511422403454367,0.6420233463035019,11,0.5238095238095237,0.5238095238095237,Hyderabad
1156,0.0,0.0,0.0,0.0,0.0,0.0,0.0,0.0,0.55,0.3584996901233026,0.6425792106725958,11,0.5238095238095237,0.5238095238095237,Bengaluru
1157,0.0,0.0714285714285714,0.0,0.0,0.0,0.0,0.0714285714285714,0.0,0.5,0.4624127843114776,0.6431350750416898,11,0.5238095238095237,0.5238095238095237,Samalkot
1158,0.0,0.0,0.0,0.0714285714285714,0.0,0.0,0.0,0.0714285714285714,0.5,0.7499997275121542,0.6436909394107838,11,0.4761904761904761,0.4761904761904761,Kakinada
1159,0.0,0.0,0.0,0.0,0.0,0.0,0.0,0.0,0.55,0.253206004170855,0.6442468037798776,11,0.5238095238095237,0.5238095238095237,Samalkot
1160,0.0,0.0,0.0,0.0,0.0,0.0,0.0,0.0,0.55,0.2798908027608227,0.6448026681489715,11,0.5238095238095237,0.5238095238095237,Kakinada
1161,0.0,0.0,0.0,0.0,0.0,0.0,0.0,0.0,0.55,0.605383175080753,0.6453585325180656,11,0.5238095238095237,0.5238095238095237,Hyderabad
1162,0.0,0.0,0.0,0.0,0.0,0.0,0.0,0.0,0.55,0.4306358436780697,0.6459143968871595,11,0.5238095238095237,0.5238095238095237,Kakinada
1163,0.0,0.0,0.0,0.0,0.0,0.0,0.0,0.0,0.55,0.9276219154761898,0.6464702612562534,11,0.5238095238095237,0.5238095238095237,Bengaluru
1164,0.0,0.0,0.0,0.0,0.0,0.0,0.0,0.0,0.5,0.9644134196506784,0.6470261256253473,10,0.4761904761904761,0.4761904761904761,Bengaluru
1165,0.0,0.0,0.0,0.0,0.0,0.0,0.0,0.0,0.5,0.957185725139036,0.6475819899944414,10,0.4761904761904761,0.4761904761904761,Bengaluru
1166,0.0,0.0,0.0,0.0,0.0,0.0,0.0,0.0,0.45,0.3967757983071747,0.6481378543635353,9,0.4285714285714285,0.4285714285714285,Vijayawada
1167,0.0,0.0714285714285714,0.0,0.0,0.0,0.0,0.0714285714285714,0.0,0.4,0.1935475019999764,0.6486937187326292,9,0.4285714285714285,0.4285714285714285,Rajahmundry
1168,0.0,0.0,0.0,0.0714285714285714,0.0,0.0,0.0,0.0714285714285714,0.4,0.5794168129153612,0.6492495831017231,9,0.3809523809523809,0.3809523809523809,Bengaluru
1169,0.0,0.0,0.0,0.0,0.0,0.0,0.0,0.0,0.45,0.9792263637969608,0.6498054474708171,9,0.4285714285714285,0.4285714285714285,Vijayawada
1170,0.0,0.0,0.0,0.0,0.0,0.0,0.0,0.0,0.45,0.0771563710773881,0.6503613118399111,9,0.4285714285714285,0.4285714285714285,Kakinada
1171,0.0,0.0,0.0,0.0,0.0,0.0,0.0,0.0,0.45,0.0271649690876658,0.6509171762090049,9,0.4285714285714285,0.4285714285714285,Bengaluru
1172,0.0,0.0,0.0,0.0,0.0,0.0,0.0,0.0,0.45,0.9072861398141812,0.6514730405780988,9,0.4285714285714285,0.4285714285714285,Kakinada
1173,0.0,0.0,0.0,0.0,0.0,0.0,0.0,0.0,0.45,0.277028190914194,0.6520289049471929,9,0.4285714285714285,0.4285714285714285,Kakinada
1174,0.0,0.0,0.0,0.0,0.0,0.0,0.0,0.0,0.45,0.4056751945003081,0.6525847693162868,9,0.4285714285714285,0.4285714285714285,Vijayawada
1175,0.0,0.0,0.0,0.0,0.0,0.0,0.0,0.0,0.5,0.1060927072620387,0.6531406336853806,10,0.4761904761904761,0.4761904761904761,Hyderabad
1176,0.0,0.0,0.0,0.0,0.0,0.0,0.0,0.0,0.5,0.1493315767913161,0.6536964980544747,10,0.4761904761904761,0.4761904761904761,Vijayawada
1177,0.0,0.0,0.0,0.0,0.0,0.0,0.0,0.0,0.5,0.5824577447611445,0.6542523624235685,10,0.4761904761904761,0.4761904761904761,Vizag
1178,0.0,0.0,0.0,0.0,0.0,0.0,0.0,0.0,0.5,0.2360502962608641,0.6548082267926626,10,0.4761904761904761,0.4761904761904761,Kakinada
1179,0.0,0.0714285714285714,0.0,0.0,0.0,0.0,0.0714285714285714,0.0,0.5,0.7943927263879498,0.6553640911617564,11,0.5238095238095237,0.5238095238095237,Vijayawada
1180,0.0,0.0,0.0,0.0714285714285714,0.0,0.0,0.0,0.0714285714285714,0.5,0.5046417603780702,0.6559199555308505,11,0.4761904761904761,0.4761904761904761,Hyderabad
1181,0.0,0.0,0.0,0.0,0.0,0.0,0.0,0.0,0.5,0.8349210374096185,0.6564758198999444,10,0.4761904761904761,0.4761904761904761,Hyderabad
1182,0.0,0.0,0.0,0.0,0.0,0.0,0.0,0.0,0.5,0.396284335930958,0.6570316842690384,10,0.4761904761904761,0.4761904761904761,Bengaluru
1183,0.0,0.0,0.0,0.0,0.0,0.0,0.0,0.0,0.5,0.0893063782019878,0.6575875486381322,10,0.4761904761904761,0.4761904761904761,Bengaluru
1184,0.0,0.0714285714285714,0.0,0.0,0.0,0.0,0.0714285714285714,0.0,0.4,0.2099628459220412,0.6581434130072262,9,0.4285714285714285,0.4285714285714285,Kakinada
1185,0.0,0.0,0.0,0.0714285714285714,0.0,0.0,0.0,0.0714285714285714,0.4,0.2776622501699044,0.6586992773763202,9,0.3809523809523809,0.3809523809523809,Samalkot
1186,0.0,0.0,0.0,0.0,0.0,0.0,0.0,0.0,0.45,0.7048295359507728,0.6592551417454141,9,0.4285714285714285,0.4285714285714285,Samalkot
1187,0.0,0.0714285714285714,0.0,0.0,0.0,0.0,0.0714285714285714,0.0,0.45,0.0361559421222852,0.6598110061145079,10,0.4761904761904761,0.4761904761904761,Rajahmundry
1188,0.0,0.0,0.0,0.0714285714285714,0.0,0.0,0.0,0.0714285714285714,0.45,0.9210349092938396,0.660366870483602,10,0.4285714285714285,0.4285714285714285,Kakinada
1189,0.0,0.0,0.0,0.0,0.0,0.0,0.0,0.0,0.5,0.8465596326310687,0.6609227348526959,10,0.4761904761904761,0.4761904761904761,Hyderabad
1190,0.0,0.0,0.0,0.0,0.0,0.0,0.0,0.0,0.5,0.132963794045283,0.6614785992217898,10,0.4761904761904761,0.4761904761904761,Bengaluru
1191,0.0,0.0714285714285714,0.0,0.0,0.0,0.0,0.0714285714285714,0.0,0.5,0.3363648703701065,0.6620344635908839,11,0.5238095238095237,0.5238095238095237,Hyderabad
1192,0.0,0.0,0.0,0.0714285714285714,0.0,0.0,0.0,0.0714285714285714,0.5,0.2486142098225805,0.6625903279599776,11,0.4761904761904761,0.4761904761904761,Vizag
1193,0.0,0.0,0.0,0.0,0.0,0.0,0.0,0.0,0.55,0.6830744890855374,0.6631461923290717,11,0.5238095238095237,0.5238095238095237,Rajahmundry
1194,0.0,0.0,0.0,0.0,0.0,0.0,0.0,0.0,0.55,0.5715620563844286,0.6637020566981656,11,0.5238095238095237,0.5238095238095237,Hyderabad
1195,0.0,0.0,0.0,0.0,0.0,0.0,0.0,0.0,0.55,0.6492486260049255,0.6642579210672597,11,0.5238095238095237,0.5238095238095237,Hyderabad
1196,0.0,0.0,0.0,0.0,0.0,0.0,0.0,0.0,0.55,0.0329728486959792,0.6648137854363535,11,0.5238095238095237,0.5238095238095237,Vijayawada
1197,0.0,0.0714285714285714,0.0,0.0,0.0,0.0,0.0714285714285714,0.0,0.5,0.6324386863583935,0.6653696498054474,11,0.5238095238095237,0.5238095238095237,Vizag
1198,0.0,0.0,0.0,0.0714285714285714,0.0,0.0,0.0,0.0714285714285714,0.5,0.7854139499534789,0.6659255141745414,11,0.4761904761904761,0.4761904761904761,Samalkot
1199,0.0,0.0,0.0,0.0,0.0,0.0,0.0,0.0,0.55,0.3944189252571091,0.6664813785436354,11,0.5238095238095237,0.5238095238095237,Vizag
1200,0.0,0.0,0.0,0.0,0.0,0.0,0.0,0.0,0.5,0.3683650853778641,0.6670372429127293,10,0.4761904761904761,0.4761904761904761,Vijayawada
1201,0.0,0.0,0.0,0.0,0.0,0.0,0.0,0.0,0.5,0.9675180311739208,0.6675931072818232,10,0.4761904761904761,0.4761904761904761,Bengaluru
1202,0.0,0.0,0.0,0.0,0.0,0.0,0.0,0.0,0.5,0.0204691814101733,0.6681489716509171,10,0.4761904761904761,0.4761904761904761,Hyderabad
1203,0.0,0.0,0.0,0.0,0.0,0.0,0.0,0.0,0.5,0.1800799570504991,0.6687048360200112,10,0.4761904761904761,0.4761904761904761,Vizag
1204,0.0,0.0,0.0,0.0,0.0,0.0,0.0,0.0,0.5,0.7490055130734437,0.669260700389105,10,0.4761904761904761,0.4761904761904761,Vizag
1205,0.0,0.0714285714285714,0.0,0.0,0.0,0.0,0.0714285714285714,0.0,0.5,0.7838558023379512,0.6698165647581988,11,0.5238095238095237,0.5238095238095237,Hyderabad
1206,0.0,0.0,0.0,0.0714285714285714,0.0,0.0,0.0,0.0714285714285714,0.5,0.5962165554662935,0.670372429127293,11,0.4761904761904761,0.4761904761904761,Vijayawada
1207,0.0,0.0,0.0,0.0,0.0,0.0,0.0,0.0,0.55,0.2213959414295248,0.6709282934963867,11,0.5238095238095237,0.5238095238095237,Kakinada
1208,0.0,0.0,0.0,0.0,0.0,0.0,0.0,0.0,0.5,0.4342832874970934,0.6714841578654808,10,0.4761904761904761,0.4761904761904761,Rajahmundry
1209,0.0,0.0,0.0,0.0,0.0,0.0,0.0,0.0,0.5,0.1375909704903382,0.6720400222345747,10,0.4761904761904761,0.4761904761904761,Bengaluru
1210,0.0,0.0,0.0,0.0,0.0,0.0,0.0,0.0,0.45,0.1078187683396754,0.6725958866036688,9,0.4285714285714285,0.4285714285714285,Rajahmundry
1211,0.0,0.0,0.0,0.0,0.0,0.0,0.0,0.0,0.4,0.2286115542543489,0.6731517509727627,8,0.3809523809523809,0.3809523809523809,Vijayawada
1212,0.0,0.0,0.0,0.0,0.0,0.0,0.0,0.0,0.4,0.1762460137737336,0.6737076153418565,8,0.3809523809523809,0.3809523809523809,Hyderabad
1213,0.0,0.0,0.0,0.0,0.0,0.0,0.0,0.0,0.4,0.3604814082754832,0.6742634797109505,8,0.3809523809523809,0.3809523809523809,Bengaluru
1214,0.0,0.0,0.0,0.0,0.0,0.0,0.0,0.0,0.4,0.3846627503743032,0.6748193440800445,8,0.3809523809523809,0.3809523809523809,Kakinada
1215,0.0,0.0,0.0,0.0,0.0,0.0,0.0,0.0,0.4,0.7036263085745325,0.6753752084491385,8,0.3809523809523809,0.3809523809523809,Kakinada
1216,0.0,0.0,0.0,0.0,0.0,0.0,0.0,0.0,0.4,0.536167037564913,0.6759310728182323,8,0.3809523809523809,0.3809523809523809,Vizag
1217,0.0,0.0,0.0,0.0,0.0,0.0,0.0,0.0,0.35,0.5539781682907956,0.6764869371873262,7,0.3333333333333333,0.3333333333333333,Samalkot
1218,0.0,0.0714285714285714,0.0,0.0,0.0,0.0,0.0714285714285714,0.0,0.3,0.5437042847754845,0.6770428015564203,7,0.3333333333333333,0.3333333333333333,Vijayawada
1219,0.0,0.0,0.0,0.0714285714285714,0.0,0.0,0.0,0.0714285714285714,0.3,0.5797621644524213,0.6775986659255142,7,0.2857142857142857,0.2857142857142856,Kakinada
1220,0.0,0.0,0.0,0.0,0.0,0.0,0.0,0.0,0.35,0.5719134722103505,0.6781545302946079,7,0.3333333333333333,0.3333333333333333,Rajahmundry
1221,0.0,0.0,0.0,0.0,0.0,0.0,0.0,0.0,0.3,0.2339452341928631,0.6787103946637021,6,0.2857142857142857,0.2857142857142856,Bengaluru
1222,0.0,0.0714285714285714,0.0,0.0,0.0,0.0,0.0714285714285714,0.0,0.3,0.9014686064113276,0.6792662590327959,7,0.3333333333333333,0.3333333333333333,Rajahmundry
1223,0.0,0.0,0.0,0.0714285714285714,0.0,0.0,0.0,0.0714285714285714,0.3,0.7729991070856912,0.67982212340189,7,0.2857142857142857,0.2857142857142856,Rajahmundry
1224,0.0,0.0,0.0,0.0,0.0,0.0,0.0,0.0,0.35,0.8324291932512586,0.6803779877709838,7,0.3333333333333333,0.3333333333333333,Samalkot
1225,0.0,0.0,0.0,0.0,0.0,0.0,0.0,0.0,0.35,0.6608148772808247,0.6809338521400778,7,0.3333333333333333,0.3333333333333333,Kakinada
1226,0.0,0.0714285714285714,0.0,0.0,0.0,0.0,0.0714285714285714,0.0,0.35,0.5328123908985447,0.6814897165091718,8,0.3809523809523809,0.3809523809523809,Kakinada
1227,0.0,0.0,0.0,0.0714285714285714,0.0,0.0,0.0,0.0714285714285714,0.35,0.1997308534497313,0.6820455808782657,8,0.3333333333333333,0.3333333333333333,Kakinada
1228,0.0,0.0,0.0,0.0,0.0,0.0,0.0,0.0,0.25,0.5136216210931823,0.6826014452473596,5,0.238095238095238,0.238095238095238,Rajahmundry
1229,0.0,0.0,0.0,0.0,0.0,0.0,0.0,0.0,0.25,0.7420582425099929,0.6831573096164536,5,0.238095238095238,0.238095238095238,Rajahmundry
1230,0.0,0.0,0.0,0.0,0.0,0.0,0.0,0.0,0.25,0.2755395320158371,0.6837131739855475,5,0.238095238095238,0.238095238095238,Samalkot
1231,0.0,0.0,0.0,0.0,0.0,0.0,0.0,0.0,0.25,0.4529003969385594,0.6842690383546415,5,0.238095238095238,0.238095238095238,Samalkot
1232,0.0,0.0,0.0,0.0,0.0,0.0,0.0,0.0,0.25,0.0672577274140044,0.6848249027237353,5,0.238095238095238,0.238095238095238,Rajahmundry
1233,0.0,0.1428571428571428,0.0,0.0,0.0,0.0,0.1428571428571428,0.0,0.25,0.1029620603590313,0.6853807670928294,7,0.3333333333333333,0.3333333333333333,Rajahmundry
1234,0.0,0.0,0.0,0.1428571428571428,0.0,0.0,0.0,0.1428571428571428,0.25,0.5012845301577362,0.6859366314619233,7,0.238095238095238,0.238095238095238,Hyderabad
1235,0.0,0.0,0.0,0.0,0.0,0.0,0.0,0.0,0.35,0.2925589219253346,0.686492495831017,7,0.3333333333333333,0.3333333333333333,Bengaluru
1236,0.0,0.0,0.0,0.0,0.0,0.0,0.0,0.0,0.35,0.1550408904884415,0.6870483602001112,7,0.3333333333333333,0.3333333333333333,Rajahmundry
1237,0.0,0.0714285714285714,0.0,0.0,0.0,0.0,0.0714285714285714,0.0,0.35,0.8491327586229087,0.687604224569205,8,0.3809523809523809,0.3809523809523809,Vijayawada
1238,0.0,0.0,0.0,0.0714285714285714,0.0,0.0,0.0,0.0714285714285714,0.35,0.643090199671071,0.688160088938299,8,0.3333333333333333,0.3333333333333333,Samalkot
1239,0.0,0.0,0.0,0.0,0.0,0.0,0.0,0.0,0.4,0.5117556083297072,0.688715953307393,8,0.3809523809523809,0.3809523809523809,Kakinada
1240,0.0,0.0714285714285714,0.0,0.0,0.0,0.0,0.0714285714285714,0.0,0.4,0.0537097035638782,0.6892718176764869,9,0.4285714285714285,0.4285714285714285,Hyderabad
1241,0.0,0.0,0.0,0.0714285714285714,0.0,0.0,0.0,0.0714285714285714,0.4,0.005423585965061,0.6898276820455809,9,0.3809523809523809,0.3809523809523809,Vijayawada
1242,0.0,0.0714285714285714,0.0,0.0,0.0,0.0,0.0714285714285714,0.0,0.4,0.5603130136214645,0.6903835464146748,9,0.4285714285714285,0.4285714285714285,Hyderabad
1243,0.0,0.0714285714285714,0.0,0.0714285714285714,0.0,0.0,0.0714285714285714,0.0714285714285714,0.4,0.3819332974372558,0.6909394107837687,10,0.4285714285714285,0.4285714285714285,Samalkot
1244,0.0,0.0,0.0,0.0714285714285714,0.0,0.0,0.0,0.0714285714285714,0.45,0.2321885116083144,0.6914952751528627,10,0.4285714285714285,0.4285714285714285,Vizag
1245,0.0,0.0,0.0,0.0,0.0,0.0,0.0,0.0,0.5,0.8813724560646989,0.6920511395219566,10,0.4761904761904761,0.4761904761904761,Rajahmundry
1246,0.0,0.0714285714285714,0.0,0.0,0.0,0.0,0.0714285714285714,0.0,0.5,0.5108059046742088,0.6926070038910506,11,0.5238095238095237,0.5238095238095237,Kakinada
1247,0.0,0.0,0.0,0.0714285714285714,0.0,0.0,0.0,0.0714285714285714,0.5,0.5806106951928893,0.6931628682601445,11,0.4761904761904761,0.4761904761904761,Kakinada
1248,0.0,0.0,0.0,0.0,0.0,0.0,0.0,0.0,0.55,0.0899769128044389,0.6937187326292384,11,0.5238095238095237,0.5238095238095237,Samalkot
1249,0.0,0.0,0.0,0.0,0.0,0.0,0.0,0.0,0.55,0.5562114485725427,0.6942745969983324,11,0.5238095238095237,0.5238095238095237,Vizag
1250,0.0,0.0,0.0,0.0,0.0,0.0,0.0,0.0,0.5,0.2459200398705867,0.6948304613674262,10,0.4761904761904761,0.4761904761904761,Vizag
1251,0.0,0.0,0.0,0.0,0.0,0.0,0.0,0.0,0.5,0.9885984128083716,0.6953863257365204,10,0.4761904761904761,0.4761904761904761,Vizag
1252,0.0,0.0,0.0,0.0,0.0,0.0,0.0,0.0,0.55,0.2455005234519574,0.6959421901056141,11,0.5238095238095237,0.5238095238095237,Rajahmundry
1253,0.0,0.0714285714285714,0.0,0.0,0.0,0.0,0.0714285714285714,0.0,0.55,0.9344898362476004,0.6964980544747081,12,0.5714285714285714,0.5714285714285713,Hyderabad
1254,0.0,0.0,0.0,0.0714285714285714,0.0,0.0,0.0,0.0714285714285714,0.55,0.276194415953757,0.6970539188438021,12,0.5238095238095237,0.5238095238095237,Rajahmundry
1255,0.0,0.0,0.0,0.0,0.0,0.0,0.0,0.0,0.6000000000000001,0.5205650118414862,0.6976097832128961,12,0.5714285714285714,0.5714285714285713,Hyderabad
1256,0.0,0.0,0.0,0.0,0.0,0.0,0.0,0.0,0.6000000000000001,0.8239668901441963,0.69816564758199,12,0.5714285714285714,0.5714285714285713,Vizag
1257,0.0,0.0,0.0,0.0,0.0,0.0,0.0,0.0,0.6000000000000001,0.7809540508311463,0.6987215119510839,12,0.5714285714285714,0.5714285714285713,Rajahmundry
1258,0.0,0.0714285714285714,0.0,0.0,0.0,0.0,0.0714285714285714,0.0,0.6000000000000001,0.133534256086536,0.6992773763201778,13,0.6190476190476191,0.619047619047619,Kakinada
1259,0.0,0.0714285714285714,0.0,0.0714285714285714,0.0,0.0,0.0714285714285714,0.0714285714285714,0.6000000000000001,0.5505190047445352,0.6998332406892719,14,0.6190476190476191,0.619047619047619,Bengaluru
1260,0.0,0.0,0.0,0.0714285714285714,0.0,0.0,0.0,0.0714285714285714,0.65,0.0412294264921679,0.7003891050583657,14,0.6190476190476191,0.619047619047619,Samalkot
1261,0.0,0.0,0.0,0.0,0.0,0.0,0.0,0.0,0.7000000000000001,0.6910294595510531,0.7009449694274597,14,0.6666666666666666,0.6666666666666666,Samalkot
1262,0.0,0.0,0.0,0.0,0.0,0.0,0.0,0.0,0.65,0.461813290436355,0.7015008337965536,13,0.6190476190476191,0.619047619047619,Vizag
1263,0.0,0.0,1.0,0.0,1.0,0.0,0.0,0.0,0.6000000000000001,0.6628788083533699,0.7020566981656476,13,0.5714285714285714,0.5714285714285713,Bengaluru
1264,0.0,0.0,0.0,0.0,0.0,0.0,0.0,0.0,0.6000000000000001,0.5639691398971207,0.7026125625347415,12,0.5714285714285714,0.5714285714285713,Kakinada
1265,0.0,0.0,0.0,0.0,0.0,0.0,0.0,0.0,0.55,0.9921377151583082,0.7031684269038353,11,0.5238095238095237,0.5238095238095237,Hyderabad
1266,0.0,0.0,0.0,0.0,0.0,0.0,0.0,0.0,0.55,0.5304238126506877,0.7037242912729295,11,0.5238095238095237,0.5238095238095237,Bengaluru
1267,0.0,0.0714285714285714,0.0,0.0,0.0,0.0,0.0714285714285714,0.0,0.55,0.1858600238615062,0.7042801556420233,12,0.5714285714285714,0.5714285714285713,Vijayawada
1268,0.0,0.0,0.0,0.0714285714285714,0.0,0.0,0.0,0.0714285714285714,0.55,0.759991081211769,0.7048360200111172,12,0.5238095238095237,0.5238095238095237,Bengaluru
1269,0.0,0.0,0.0,0.0,0.0,0.0,0.0,0.0,0.6000000000000001,0.5772456169943019,0.7053918843802112,12,0.5714285714285714,0.5714285714285713,Rajahmundry
1270,0.0,0.0714285714285714,0.0,0.0,0.0,0.0,0.0714285714285714,0.0,0.6000000000000001,0.3581097419854897,0.7059477487493052,13,0.6190476190476191,0.619047619047619,Vizag
1271,0.0,0.0,0.0,0.0714285714285714,0.0,0.0,0.0,0.0714285714285714,0.6000000000000001,0.5571262293209729,0.7065036131183992,13,0.5714285714285714,0.5714285714285713,Samalkot
1272,0.0,0.0,0.0,0.0,0.0,0.0,0.0,0.0,0.65,0.7325427980574326,0.707059477487493,13,0.6190476190476191,0.619047619047619,Samalkot
1273,0.0,0.0714285714285714,0.0,0.0,0.0,0.0,0.0714285714285714,0.0,0.65,0.0795023007220716,0.7076153418565869,14,0.6666666666666666,0.6666666666666666,Hyderabad
1274,0.0,0.0,0.0,0.0714285714285714,0.0,0.0,0.0,0.0714285714285714,0.65,0.1065726554958337,0.708171206225681,14,0.6190476190476191,0.619047619047619,Kakinada
1275,0.0,0.0,0.0,0.0,0.0,0.0,0.0,0.0,0.7000000000000001,0.418111259254728,0.7087270705947749,14,0.6666666666666666,0.6666666666666666,Samalkot
1276,0.0,0.0,0.0,0.0,0.0,0.0,0.0,0.0,0.7000000000000001,0.8642910988126471,0.7092829349638687,14,0.6666666666666666,0.6666666666666666,Hyderabad
1277,0.0,0.0,0.0,0.0,0.0,0.0,0.0,0.0,0.7000000000000001,0.0135929257329585,0.7098387993329627,14,0.6666666666666666,0.6666666666666666,Kakinada
1278,0.0,0.0,0.0,0.0,0.0,0.0,0.0,0.0,0.7000000000000001,0.1270925063979513,0.7103946637020567,14,0.6666666666666666,0.6666666666666666,Vijayawada
1279,0.0,0.0,0.0,0.0,0.0,0.0,0.0,0.0,0.7000000000000001,0.7484036553161559,0.7109505280711507,14,0.6666666666666666,0.6666666666666666,Samalkot
1280,0.0,0.0,0.0,0.0,0.0,0.0,0.0,0.0,0.7000000000000001,0.5183344210101251,0.7115063924402444,14,0.6666666666666666,0.6666666666666666,Vijayawada
1281,0.0,0.0,0.0,0.0,0.0,0.0,0.0,0.0,0.7000000000000001,0.0098779256765033,0.7120622568093385,14,0.6666666666666666,0.6666666666666666,Vijayawada
1282,0.0,0.0,0.0,0.0,0.0,0.0,0.0,0.0,0.7000000000000001,0.2142379197170001,0.7126181211784324,14,0.6666666666666666,0.6666666666666666,Rajahmundry
1283,0.0,0.0,0.0,0.0,0.0,0.0,0.0,0.0,0.65,0.168578138901307,0.7131739855475264,13,0.6190476190476191,0.619047619047619,Bengaluru
1284,0.0,0.0714285714285714,0.0,0.0,0.0,0.0,0.0714285714285714,0.0,0.65,0.2598926974195084,0.7137298499166203,14,0.6666666666666666,0.6666666666666666,Vijayawada
1285,0.0,0.0,0.0,0.0714285714285714,0.0,0.0,0.0,0.0714285714285714,0.65,0.3340151792082044,0.7142857142857143,14,0.6190476190476191,0.619047619047619,Vizag
1286,0.0,0.0,0.0,0.0,0.0,0.0,0.0,0.0,0.6000000000000001,0.1296473769811585,0.7148415786548082,12,0.5714285714285714,0.5714285714285713,Rajahmundry
1287,0.0,0.0,0.0,0.0,0.0,0.0,0.0,0.0,0.6000000000000001,0.532883984909617,0.7153974430239022,12,0.5714285714285714,0.5714285714285713,Kakinada
1288,0.0,0.0,0.0,0.0,0.0,0.0,0.0,0.0,0.6000000000000001,0.0054021212482897,0.715953307392996,12,0.5714285714285714,0.5714285714285713,Kakinada
1289,0.0,0.0,0.0,0.0,0.0,0.0,0.0,0.0,0.55,0.0866171350643623,0.7165091717620901,11,0.5238095238095237,0.5238095238095237,Vijayawada
1290,0.0,0.0,0.0,0.0,0.0,0.0,0.0,0.0,0.55,0.5151033004662917,0.717065036131184,11,0.5238095238095237,0.5238095238095237,Bengaluru
1291,0.0,0.0,0.0,0.0,0.0,0.0,0.0,0.0,0.55,0.786745147174585,0.7176209005002779,11,0.5238095238095237,0.5238095238095237,Samalkot
1292,0.0,0.0,0.0,0.0,0.0,0.0,0.0,0.0,0.55,0.855331603800799,0.7181767648693718,11,0.5238095238095237,0.5238095238095237,Kakinada
1293,0.0,0.0,0.0,0.0,0.0,0.0,0.0,0.0,0.55,0.1171233469982941,0.7187326292384658,11,0.5238095238095237,0.5238095238095237,Bengaluru
1294,0.0,0.0714285714285714,0.0,0.0,0.0,0.0,0.0714285714285714,0.0,0.55,0.3075524976949768,0.7192884936075598,12,0.5714285714285714,0.5714285714285713,Vijayawada
1295,0.0,0.0,0.0,0.0714285714285714,0.0,0.0,0.0,0.0714285714285714,0.55,0.4088830717743075,0.7198443579766536,12,0.5238095238095237,0.5238095238095237,Rajahmundry
1296,0.0,0.0,0.0,0.0,0.0,0.0,0.0,0.0,0.6000000000000001,0.4836036388093638,0.7204002223457476,12,0.5714285714285714,0.5714285714285713,Samalkot
1297,0.0,0.0,0.0,0.0,0.0,0.0,0.0,0.0,0.6000000000000001,0.5814654091760905,0.7209560867148415,12,0.5714285714285714,0.5714285714285713,Bengaluru
1298,0.0,0.0714285714285714,0.0,0.0,0.0,0.0,0.0714285714285714,0.0,0.6000000000000001,0.6299958689031482,0.7215119510839355,13,0.6190476190476191,0.619047619047619,Vijayawada
1299,0.0,0.0714285714285714,0.0,0.0714285714285714,0.0,0.0,0.0714285714285714,0.0714285714285714,0.6000000000000001,0.9428892739265332,0.7220678154530294,14,0.6190476190476191,0.619047619047619,Bengaluru
1300,0.0,0.0,0.0,0.0714285714285714,0.0,0.0,0.0,0.0714285714285714,0.65,0.3050884499738788,0.7226236798221234,14,0.6190476190476191,0.619047619047619,Kakinada
1301,0.0,0.0714285714285714,0.0,0.0,0.0,0.0,0.0714285714285714,0.0,0.7000000000000001,0.0559292028385731,0.7231795441912173,15,0.7142857142857142,0.7142857142857142,Hyderabad
1302,0.0,0.0,0.0,0.0714285714285714,0.0,0.0,0.0,0.0714285714285714,0.7000000000000001,0.5364506618330851,0.7237354085603113,15,0.6666666666666666,0.6666666666666666,Samalkot
1303,0.0,0.0,0.0,0.0,0.0,0.0,0.0,0.0,0.65,0.8044162959195087,0.7242912729294052,13,0.6190476190476191,0.619047619047619,Vizag
1304,0.0,0.0,0.0,0.0,0.0,0.0,0.0,0.0,0.65,0.3922738076649159,0.7248471372984991,13,0.6190476190476191,0.619047619047619,Vijayawada
1305,0.0,0.0,0.0,0.0,0.0,0.0,0.0,0.0,0.65,0.691282099439342,0.7254030016675931,13,0.6190476190476191,0.619047619047619,Bengaluru
1306,0.0,0.0,0.0,0.0,0.0,0.0,0.0,0.0,0.7000000000000001,0.2918693360571436,0.725958866036687,14,0.6666666666666666,0.6666666666666666,Vizag
1307,0.0,0.0,0.0,0.0,0.0,0.0,0.0,0.0,0.7000000000000001,0.1807027249854116,0.726514730405781,14,0.6666666666666666,0.6666666666666666,Vizag
1308,0.0,0.0,0.0,0.0,0.0,0.0,0.0,0.0,0.7000000000000001,0.6657178312896239,0.7270705947748749,14,0.6666666666666666,0.6666666666666666,Vijayawada
1309,0.0,0.0714285714285714,0.0,0.0,0.0,0.0,0.0714285714285714,0.0,0.7000000000000001,0.5490633743981124,0.7276264591439688,15,0.7142857142857142,0.7142857142857142,Samalkot
1310,0.0,0.0,0.0,0.0714285714285714,0.0,0.0,0.0,0.0714285714285714,0.65,0.3347424983101752,0.7281823235130627,14,0.6190476190476191,0.619047619047619,Kakinada
1311,0.0,0.0,0.0,0.0,0.0,0.0,0.0,0.0,0.7000000000000001,0.8552372722503292,0.7287381878821568,14,0.6666666666666666,0.6666666666666666,Hyderabad
1312,0.0,0.0,0.0,0.0,0.0,0.0,0.0,0.0,0.75,0.7504178421132459,0.7292940522512505,15,0.7142857142857142,0.7142857142857142,Vizag
1313,0.0,0.0,0.0,0.0,0.0,0.0,0.0,0.0,0.75,0.5129445571116198,0.7298499166203446,15,0.7142857142857142,0.7142857142857142,Bengaluru
1314,0.0,0.0,0.0,0.0,0.0,0.0,0.0,0.0,0.75,0.6171969854599013,0.7304057809894385,15,0.7142857142857142,0.7142857142857142,Vijayawada
1315,0.0,0.0,0.0,0.0,0.0,0.0,0.0,0.0,0.75,0.3883865750248243,0.7309616453585326,15,0.7142857142857142,0.7142857142857142,Vijayawada
1316,0.0,0.0,0.0,0.0,0.0,0.0,0.0,0.0,0.75,0.2325021732257237,0.7315175097276264,15,0.7142857142857142,0.7142857142857142,Kakinada
1317,0.0,0.0,0.0,0.0,0.0,0.0,0.0,0.0,0.75,0.747629988572921,0.7320733740967204,15,0.7142857142857142,0.7142857142857142,Vijayawada
1318,0.0,0.0,0.0,0.0,0.0,0.0,0.0,0.0,0.75,0.0096798485997062,0.7326292384658143,15,0.7142857142857142,0.7142857142857142,Vijayawada
1319,0.0,0.0,0.0,0.0,0.0,0.0,0.0,0.0,0.75,0.0260244928744097,0.7331851028349083,15,0.7142857142857142,0.7142857142857142,Vijayawada
1320,0.0,0.0714285714285714,0.0,0.0,0.0,0.0,0.0714285714285714,0.0,0.75,0.5119630680520415,0.7337409672040022,16,0.7619047619047619,0.7619047619047619,Samalkot
1321,0.0,0.0,0.0,0.0714285714285714,0.0,0.0,0.0,0.0714285714285714,0.7000000000000001,0.5259639887394827,0.7342968315730961,15,0.6666666666666666,0.6666666666666666,Samalkot
1322,0.0,0.0,0.0,0.0,0.0,0.0,0.0,0.0,0.75,0.7889073565744813,0.73485269594219,15,0.7142857142857142,0.7142857142857142,Vizag
1323,0.0,0.0,0.0,0.0,0.0,0.0,0.0,0.0,0.65,0.4508978643641577,0.7354085603112841,13,0.6190476190476191,0.619047619047619,Hyderabad
1324,0.0,0.0714285714285714,0.0,0.0,0.0,0.0,0.0714285714285714,0.0,0.6000000000000001,0.092549097799425,0.7359644246803779,13,0.6190476190476191,0.619047619047619,Bengaluru
1325,0.0,0.0,0.0,0.0714285714285714,0.0,0.0,0.0,0.0714285714285714,0.6000000000000001,0.2013189149916319,0.7365202890494718,13,0.5714285714285714,0.5714285714285713,Vijayawada
1326,0.0,0.0,0.0,0.0,0.0,0.0,0.0,0.0,0.65,0.9369731071365808,0.7370761534185659,13,0.6190476190476191,0.619047619047619,Samalkot
1327,0.0,0.0,0.0,0.0,0.0,0.0,0.0,0.0,0.65,0.2494466669032309,0.7376320177876597,13,0.6190476190476191,0.619047619047619,Vijayawada
1328,0.0,0.0,0.0,0.0,0.0,0.0,0.0,0.0,0.65,0.1269522066256676,0.7381878821567537,13,0.6190476190476191,0.619047619047619,Kakinada
1329,0.0,0.0,0.0,0.0,0.0,0.0,0.0,0.0,0.65,0.1021011543341798,0.7387437465258476,13,0.6190476190476191,0.619047619047619,Vijayawada
1330,0.0,0.0,0.0,0.0,0.0,0.0,0.0,0.0,0.65,0.5975063133977818,0.7392996108949417,13,0.6190476190476191,0.619047619047619,Vizag
1331,0.0,0.0,0.0,0.0,0.0,0.0,0.0,0.0,0.6000000000000001,0.0706497653692646,0.7398554752640356,12,0.5714285714285714,0.5714285714285713,Kakinada
1332,0.0,0.0,0.0,0.0,0.0,0.0,0.0,0.0,0.6000000000000001,0.4205174423350784,0.7404113396331294,12,0.5714285714285714,0.5714285714285713,Vizag
1333,0.0,0.0714285714285714,0.0,0.0,0.0,0.0,0.0714285714285714,0.0,0.6000000000000001,0.3155293572703923,0.7409672040022234,13,0.6190476190476191,0.619047619047619,Rajahmundry
1334,0.0,0.0,0.0,0.0714285714285714,0.0,0.0,0.0,0.0714285714285714,0.6000000000000001,0.126268557677784,0.7415230683713174,13,0.5714285714285714,0.5714285714285713,Samalkot
1335,0.0,0.0,0.0,0.0,0.0,0.0,0.0,0.0,0.65,0.9759377102482528,0.7420789327404114,13,0.6190476190476191,0.619047619047619,Rajahmundry
1336,0.0,0.0714285714285714,0.0,0.0,0.0,0.0,0.0714285714285714,0.0,0.65,0.7594402109661409,0.7426347971095052,14,0.6666666666666666,0.6666666666666666,Vijayawada
1337,0.0,0.0,0.0,0.0714285714285714,0.0,0.0,0.0,0.0714285714285714,0.65,0.7124862390546587,0.7431906614785991,14,0.6190476190476191,0.619047619047619,Rajahmundry
1338,0.0,0.0714285714285714,0.0,0.0,0.0,0.0,0.0714285714285714,0.0,0.7000000000000001,0.0356012823641898,0.7437465258476932,15,0.7142857142857142,0.7142857142857142,Rajahmundry
1339,0.0,0.0,0.0,0.0714285714285714,0.0,0.0,0.0,0.0714285714285714,0.65,0.0819381667605945,0.7443023902167871,14,0.6190476190476191,0.619047619047619,Rajahmundry
1340,0.0,0.0,0.0,0.0,0.0,0.0,0.0,0.0,0.65,0.4705496628684351,0.7448582545858808,13,0.6190476190476191,0.619047619047619,Vijayawada
1341,0.0,0.0,0.0,0.0,0.0,0.0,0.0,0.0,0.6000000000000001,0.9888846614717196,0.745414118954975,12,0.5714285714285714,0.5714285714285713,Vizag
1342,0.0,0.0,0.0,0.0,0.0,0.0,0.0,0.0,0.6000000000000001,0.25538702287571,0.7459699833240688,12,0.5714285714285714,0.5714285714285713,Hyderabad
1343,0.0,0.0,0.0,0.0,0.0,0.0,0.0,0.0,0.6000000000000001,0.1617612770703358,0.7465258476931629,12,0.5714285714285714,0.5714285714285713,Kakinada
1344,0.0,0.0714285714285714,0.0,0.0,0.0,0.0,0.0714285714285714,0.0,0.6000000000000001,0.5141416423387912,0.7470817120622567,13,0.6190476190476191,0.619047619047619,Vijayawada
1345,0.0,0.0,0.0,0.0714285714285714,0.0,0.0,0.0,0.0714285714285714,0.6000000000000001,0.9189978071668988,0.7476375764313508,13,0.5714285714285714,0.5714285714285713,Rajahmundry
1346,0.0,0.0,0.0,0.0,0.0,0.0,0.0,0.0,0.65,0.1866452273217331,0.7481934408004447,13,0.6190476190476191,0.619047619047619,Hyderabad
1347,0.0,0.0,0.0,0.0,0.0,0.0,0.0,0.0,0.65,0.3032134659583672,0.7487493051695386,13,0.6190476190476191,0.619047619047619,Vijayawada
1348,0.0,0.0,0.0,0.0,0.0,0.0,0.0,0.0,0.65,0.3347602591815954,0.7493051695386325,13,0.6190476190476191,0.619047619047619,Vizag
1349,0.0,0.0,0.0,0.0,0.0,0.0,0.0,0.0,0.65,0.985609437489584,0.7498610339077265,13,0.6190476190476191,0.619047619047619,Hyderabad
1350,0.0,0.0,0.0,0.0,0.0,0.0,0.0,0.0,0.6000000000000001,0.9403867421984976,0.7504168982768205,12,0.5714285714285714,0.5714285714285713,Vijayawada
1351,0.0,0.0,0.0,0.0,0.0,0.0,0.0,0.0,0.6000000000000001,0.3590643439601215,0.7509727626459144,12,0.5714285714285714,0.5714285714285713,Samalkot
1352,0.0,0.0,0.0,0.0,0.0,0.0,0.0,0.0,0.6000000000000001,0.915407870212577,0.7515286270150082,12,0.5714285714285714,0.5714285714285713,Vizag
1353,0.0,0.0714285714285714,0.0,0.0,0.0,0.0,0.0714285714285714,0.0,0.6000000000000001,0.8702871364122127,0.7520844913841023,13,0.6190476190476191,0.619047619047619,Rajahmundry
1354,0.0,0.0,0.0,0.0714285714285714,0.0,0.0,0.0,0.0714285714285714,0.6000000000000001,0.1125214266904122,0.7526403557531962,13,0.5714285714285714,0.5714285714285713,Hyderabad
1355,0.0,0.0,0.0,0.0,0.0,0.0,0.0,0.0,0.65,0.0163709805266327,0.75319622012229,13,0.6190476190476191,0.619047619047619,Samalkot
1356,0.0,0.0,0.0,0.0,0.0,0.0,0.0,0.0,0.6000000000000001,0.6163864460366,0.7537520844913841,12,0.5714285714285714,0.5714285714285713,Vijayawada
1357,0.0,0.0,0.0,0.0,0.0,0.0,0.0,0.0,0.6000000000000001,0.9046188009048916,0.7543079488604779,12,0.5714285714285714,0.5714285714285713,Hyderabad
1358,0.0,0.0714285714285714,0.0,0.0,0.0,0.0,0.0714285714285714,0.0,0.6000000000000001,0.7735343652781286,0.754863813229572,13,0.6190476190476191,0.619047619047619,Samalkot
1359,0.0,0.0,0.0,0.0714285714285714,0.0,0.0,0.0,0.0714285714285714,0.55,0.4294994030412811,0.7554196775986659,12,0.5238095238095237,0.5238095238095237,Vizag
1360,0.0,0.0,0.0,0.0,0.0,0.0,0.0,0.0,0.6000000000000001,0.2464641227280986,0.7559755419677598,12,0.5714285714285714,0.5714285714285713,Rajahmundry
1361,0.0,0.0,0.0,0.0,0.0,0.0,0.0,0.0,0.6000000000000001,0.7531108125055357,0.7565314063368538,12,0.5714285714285714,0.5714285714285713,Vijayawada
1362,0.0,0.0,0.0,0.0,0.0,0.0,0.0,0.0,0.6000000000000001,0.7095346956382991,0.7570872707059477,12,0.5714285714285714,0.5714285714285713,Vizag
1363,0.0,0.0,0.0,0.0,0.0,0.0,0.0,0.0,0.6000000000000001,0.3870732956965974,0.7576431350750417,12,0.5714285714285714,0.5714285714285713,Vizag
1364,0.0,0.0,0.0,0.0,0.0,0.0,0.0,0.0,0.6000000000000001,0.3192440631618176,0.7581989994441356,12,0.5714285714285714,0.5714285714285713,Bengaluru
1365,0.0,0.0,0.0,0.0,0.0,0.0,0.0,0.0,0.6000000000000001,0.1000323510063045,0.7587548638132295,12,0.5714285714285714,0.5714285714285713,Rajahmundry
1366,0.0,0.0,0.0,0.0,0.0,0.0,0.0,0.0,0.55,0.8472505725528121,0.7593107281823235,11,0.5238095238095237,0.5238095238095237,Hyderabad
1367,0.0,0.0,0.0,0.0,0.0,0.0,0.0,0.0,0.55,0.8965136223951737,0.7598665925514174,11,0.5238095238095237,0.5238095238095237,Bengaluru
1368,0.0,0.0,0.0,0.0,0.0,0.0,0.0,0.0,0.55,0.9045290274352504,0.7604224569205114,11,0.5238095238095237,0.5238095238095237,Rajahmundry
1369,0.0,0.0,0.0,0.0,0.0,0.0,0.0,0.0,0.55,0.8135879641002559,0.7609783212896053,11,0.5238095238095237,0.5238095238095237,Rajahmundry
1370,0.0,0.0,0.0,0.0,0.0,0.0,0.0,0.0,0.55,0.1071095253519391,0.7615341856586991,11,0.5238095238095237,0.5238095238095237,Samalkot
1371,0.0,0.0,1.0,0.0,1.0,0.0,0.0,0.0,0.45,0.5868626573357745,0.7620900500277933,10,0.4285714285714285,0.4285714285714285,Kakinada
1372,0.0,0.0,0.0,0.0,0.0,0.0,0.0,0.0,0.45,0.3512122791184175,0.762645914396887,9,0.4285714285714285,0.4285714285714285,Vizag
1373,0.0,0.0714285714285714,0.0,0.0,0.0,0.0,0.0714285714285714,0.0,0.45,0.6901372739431157,0.763201778765981,10,0.4761904761904761,0.4761904761904761,Hyderabad
1374,0.0,0.0,0.0,0.0714285714285714,0.0,0.0,0.0,0.0714285714285714,0.45,0.8983019989759065,0.763757643135075,10,0.4285714285714285,0.4285714285714285,Kakinada
1375,0.0,0.0714285714285714,0.0,0.0,0.0,0.0,0.0714285714285714,0.0,0.5,0.4707552604173022,0.764313507504169,11,0.5238095238095237,0.5238095238095237,Rajahmundry
1376,0.0,0.0714285714285714,0.0,0.0714285714285714,0.0,0.0,0.0714285714285714,0.0714285714285714,0.5,0.384111315048617,0.7648693718732629,12,0.5238095238095237,0.5238095238095237,Vizag
1377,0.0,0.0,0.0,0.0714285714285714,0.0,0.0,0.0,0.0714285714285714,0.5,0.1579626763882486,0.7654252362423568,11,0.4761904761904761,0.4761904761904761,Vizag
1378,0.0,0.0,0.0,0.0,0.0,0.0,0.0,0.0,0.55,0.1829717918811941,0.7659811006114507,11,0.5238095238095237,0.5238095238095237,Hyderabad
1379,0.0,0.0,0.0,0.0,0.0,0.0,0.0,0.0,0.55,0.8190491909499515,0.7665369649805448,11,0.5238095238095237,0.5238095238095237,Bengaluru
1380,0.0,0.0,0.0,0.0,0.0,0.0,0.0,0.0,0.5,0.4931223497802068,0.7670928293496386,10,0.4761904761904761,0.4761904761904761,Vijayawada
1381,0.0,0.0,0.0,0.0,0.0,0.0,0.0,0.0,0.5,0.6805313552915002,0.7676486937187326,10,0.4761904761904761,0.4761904761904761,Vizag
1382,0.0,0.0,0.0,0.0,0.0,0.0,0.0,0.0,0.5,0.1172627167914834,0.7682045580878265,10,0.4761904761904761,0.4761904761904761,Kakinada
1383,0.0,0.0,0.0,0.0,0.0,0.0,0.0,0.0,0.5,0.0880744697899071,0.7687604224569206,10,0.4761904761904761,0.4761904761904761,Samalkot
1384,0.0,0.0,0.0,0.0,0.0,0.0,0.0,0.0,0.5,0.913525624485356,0.7693162868260144,10,0.4761904761904761,0.4761904761904761,Hyderabad
1385,0.0,0.0,0.0,0.0,0.0,0.0,0.0,0.0,0.5,0.5945083970839922,0.7698721511951082,10,0.4761904761904761,0.4761904761904761,Vizag
1386,0.0,0.0,0.0,0.0,0.0,0.0,0.0,0.0,0.45,0.3298100120821226,0.7704280155642024,9,0.4285714285714285,0.4285714285714285,Bengaluru
1387,0.0,0.0,0.0,0.0,0.0,0.0,0.0,0.0,0.45,0.0648163665988943,0.7709838799332962,9,0.4285714285714285,0.4285714285714285,Bengaluru
1388,0.0,0.0,0.0,0.0,0.0,0.0,0.0,0.0,0.4,0.4673089285552532,0.7715397443023901,8,0.3809523809523809,0.3809523809523809,Bengaluru
1389,0.0,0.0,0.0,0.0,0.0,0.0,0.0,0.0,0.4,0.4480772385851401,0.7720956086714841,8,0.3809523809523809,0.3809523809523809,Vizag
1390,0.0,0.0,0.0,0.0,0.0,0.0,0.0,0.0,0.4,0.0498817470982437,0.7726514730405781,8,0.3809523809523809,0.3809523809523809,Vijayawada
1391,0.0,0.0,0.0,0.0,0.0,0.0,0.0,0.0,0.4,0.6934036000631696,0.7732073374096721,8,0.3809523809523809,0.3809523809523809,Kakinada
1392,0.0,0.0,0.0,0.0,0.0,0.0,0.0,0.0,0.35,0.5064554699292017,0.7737632017787659,7,0.3333333333333333,0.3333333333333333,Samalkot
1393,0.0,0.0,0.0,0.0,0.0,0.0,0.0,0.0,0.35,0.6670166201090393,0.7743190661478598,7,0.3333333333333333,0.3333333333333333,Kakinada
1394,0.0,0.0714285714285714,0.0,0.0,0.0,0.0,0.0714285714285714,0.0,0.35,0.9569108366502892,0.7748749305169539,8,0.3809523809523809,0.3809523809523809,Vizag
1395,0.0,0.1428571428571428,0.0,0.0714285714285714,0.0,0.0,0.1428571428571428,0.0714285714285714,0.35,0.0943551259011319,0.7754307948860478,10,0.4285714285714285,0.4285714285714285,Hyderabad
1396,0.0,0.0,0.0,0.1428571428571428,0.0,0.0,0.0,0.1428571428571428,0.4,0.0234149194689519,0.7759866592551417,10,0.3809523809523809,0.3809523809523809,Vijayawada
1397,0.0,0.0,0.0,0.0,0.0,0.0,0.0,0.0,0.5,0.1089747753188048,0.7765425236242356,10,0.4761904761904761,0.4761904761904761,Vizag
1398,0.0,0.0,0.0,0.0,0.0,0.0,0.0,0.0,0.5,0.1332742209984059,0.7770983879933296,10,0.4761904761904761,0.4761904761904761,Bengaluru
1399,0.0,0.0714285714285714,0.0,0.0,0.0,0.0,0.0714285714285714,0.0,0.45,0.8619271743865311,0.7776542523624236,10,0.4761904761904761,0.4761904761904761,Samalkot
1400,0.0,0.0,0.0,0.0714285714285714,0.0,0.0,0.0,0.0714285714285714,0.45,0.3944241349411488,0.7782101167315173,10,0.4285714285714285,0.4285714285714285,Kakinada
1401,0.0,0.0,0.0,0.0,0.0,0.0,0.0,0.0,0.5,0.9199766039396184,0.7787659811006115,10,0.4761904761904761,0.4761904761904761,Vizag
1402,0.0,0.0,0.0,0.0,0.0,0.0,0.0,0.0,0.45,0.7001771646521897,0.7793218454697053,9,0.4285714285714285,0.4285714285714285,Samalkot
1403,0.0,0.0714285714285714,0.0,0.0,0.0,0.0,0.0714285714285714,0.0,0.4,0.287082589941368,0.7798777098387993,9,0.4285714285714285,0.4285714285714285,Bengaluru
1404,0.0,0.0,0.0,0.0714285714285714,0.0,0.0,0.0,0.0714285714285714,0.4,0.8343979437268052,0.7804335742078932,9,0.3809523809523809,0.3809523809523809,Hyderabad
1405,0.0,0.0,0.0,0.0,0.0,0.0,0.0,0.0,0.45,0.8879604595825328,0.7809894385769872,9,0.4285714285714285,0.4285714285714285,Vizag
1406,0.0,0.0,0.0,0.0,0.0,0.0,0.0,0.0,0.45,0.0785063933146692,0.7815453029460812,9,0.4285714285714285,0.4285714285714285,Kakinada
1407,0.0,0.0714285714285714,0.0,0.0,0.0,0.0,0.0714285714285714,0.0,0.45,0.0372656015376915,0.7821011673151751,10,0.4761904761904761,0.4761904761904761,Samalkot
1408,0.0,0.0,0.0,0.0714285714285714,0.0,0.0,0.0,0.0714285714285714,0.45,0.0036528018434274,0.7826570316842689,10,0.4285714285714285,0.4285714285714285,Rajahmundry
1409,0.0,0.0,0.0,0.0,0.0,0.0,0.0,0.0,0.5,0.7130687601722949,0.783212896053363,10,0.4761904761904761,0.4761904761904761,Samalkot
1410,0.0,0.0,0.0,0.0,0.0,0.0,0.0,0.0,0.5,0.2579253522198805,0.7837687604224569,10,0.4761904761904761,0.4761904761904761,Vijayawada
1411,0.0,0.0,0.0,0.0,0.0,0.0,0.0,0.0,0.5,0.845585729829456,0.7843246247915509,10,0.4761904761904761,0.4761904761904761,Rajahmundry
1412,0.0,0.0,0.0,0.0,0.0,0.0,0.0,0.0,0.5,0.9745751443152736,0.7848804891606447,10,0.4761904761904761,0.4761904761904761,Rajahmundry
1413,0.0,0.0,0.0,0.0,0.0,0.0,0.0,0.0,0.5,0.3005025732897926,0.7854363535297387,10,0.4761904761904761,0.4761904761904761,Bengaluru
1414,0.0,0.0,0.0,0.0,0.0,0.0,0.0,0.0,0.5,0.0220300685455794,0.7859922178988327,10,0.4761904761904761,0.4761904761904761,Kakinada
1415,0.0,0.0714285714285714,0.0,0.0,0.0,0.0,0.0714285714285714,0.0,0.5,0.5331300720754772,0.7865480822679265,11,0.5238095238095237,0.5238095238095237,Samalkot
1416,0.0,0.0,0.0,0.0714285714285714,0.0,0.0,0.0,0.0714285714285714,0.45,0.3419011288906961,0.7871039466370207,10,0.4285714285714285,0.4285714285714285,Kakinada
1417,0.0,0.0,0.0,0.0,0.0,0.0,0.0,0.0,0.5,0.4802320610568178,0.7876598110061144,10,0.4761904761904761,0.4761904761904761,Kakinada
1418,0.0,0.0,0.0,0.0,0.0,0.0,0.0,0.0,0.5,0.6236468807033975,0.7882156753752084,10,0.4761904761904761,0.4761904761904761,Bengaluru
1419,0.0,0.0714285714285714,0.0,0.0,0.0,0.0,0.0714285714285714,0.0,0.5,0.0484381167174585,0.7887715397443024,11,0.5238095238095237,0.5238095238095237,Vijayawada
1420,0.0,0.0,0.0,0.0714285714285714,0.0,0.0,0.0,0.0714285714285714,0.5,0.7256738115504084,0.7893274041133964,11,0.4761904761904761,0.4761904761904761,Samalkot
1421,0.0,0.0,0.0,0.0,0.0,0.0,0.0,0.0,0.55,0.5346418937480775,0.7898832684824902,11,0.5238095238095237,0.5238095238095237,Vijayawada
1422,0.0,0.0,0.0,0.0,0.0,0.0,0.0,0.0,0.5,0.7438943726216525,0.7904391328515842,10,0.4761904761904761,0.4761904761904761,Rajahmundry
1423,0.0,0.0714285714285714,0.0,0.0,0.0,0.0,0.0714285714285714,0.0,0.5,0.7747934053442886,0.7909949972206781,11,0.5238095238095237,0.5238095238095237,Hyderabad
1424,0.0,0.0,0.0,0.0714285714285714,0.0,0.0,0.0,0.0714285714285714,0.5,0.0781111499318205,0.7915508615897722,11,0.4761904761904761,0.4761904761904761,Samalkot
1425,0.0,0.0,0.0,0.0,0.0,0.0,0.0,0.0,0.55,0.0892286494122314,0.792106725958866,11,0.5238095238095237,0.5238095238095237,Bengaluru
1426,0.0,0.0,0.0,0.0,0.0,0.0,0.0,0.0,0.55,0.5806845467082573,0.7926625903279599,11,0.5238095238095237,0.5238095238095237,Rajahmundry
1427,0.0,0.0,0.0,0.0,0.0,0.0,0.0,0.0,0.5,0.0417947637706359,0.7932184546970539,10,0.4761904761904761,0.4761904761904761,Samalkot
1428,0.0,0.0,0.0,0.0,0.0,0.0,0.0,0.0,0.5,0.6051994428264298,0.7937743190661479,10,0.4761904761904761,0.4761904761904761,Vizag
1429,1.0,0.0714285714285714,0.0,0.0,0.0,0.0,0.1428571428571428,0.0,0.45,0.8637956515798231,0.7943301834352418,11,0.5238095238095237,0.5238095238095237,Hyderabad
1430,0.0,0.0,0.0,0.0714285714285714,0.0,0.0,0.0,0.0714285714285714,0.45,0.601645851601295,0.7948860478043356,10,0.4285714285714285,0.4285714285714285,Kakinada
1431,0.0,0.0,0.0,0.0,0.0,0.0,0.0,0.0,0.5,0.9314133589833292,0.7954419121734297,10,0.4761904761904761,0.4761904761904761,Hyderabad
1432,0.0,0.0,0.0,0.0,0.0,0.0,0.0,0.0,0.5,0.6572018977119267,0.7959977765425235,10,0.4761904761904761,0.4761904761904761,Vizag
1433,0.0,0.0,0.0,0.0,0.0,0.0,0.0,0.0,0.5,0.6557397901400901,0.7965536409116175,10,0.4761904761904761,0.4761904761904761,Vijayawada
1434,0.0,0.0714285714285714,0.0,0.0,0.0,0.0,0.0714285714285714,0.0,0.5,0.5569934319969736,0.7971095052807115,11,0.5238095238095237,0.5238095238095237,Hyderabad
1435,0.0,0.0,0.0,0.0714285714285714,0.0,0.0,0.0,0.0714285714285714,0.45,0.3403669754535283,0.7976653696498055,10,0.4285714285714285,0.4285714285714285,Rajahmundry
1436,0.0,0.0714285714285714,0.0,0.0,0.0,0.0,0.0714285714285714,0.0,0.5,0.8471213625186373,0.7982212340188994,11,0.5238095238095237,0.5238095238095237,Vijayawada
1437,0.0,0.0,0.0,0.0714285714285714,0.0,0.0,0.0,0.0714285714285714,0.5,0.4620850264566902,0.7987770983879933,11,0.4761904761904761,0.4761904761904761,Vijayawada
1438,0.0,0.0,0.0,0.0,0.0,0.0,0.0,0.0,0.55,0.7300923987907058,0.7993329627570872,11,0.5238095238095237,0.5238095238095237,Kakinada
1439,0.0,0.0,0.0,0.0,0.0,0.0,0.0,0.0,0.55,0.3273475483576724,0.7998888271261813,11,0.5238095238095237,0.5238095238095237,Vijayawada
1440,0.0,0.0,0.0,0.0,0.0,0.0,0.0,0.0,0.5,0.3306967103274068,0.8004446914952752,10,0.4761904761904761,0.4761904761904761,Samalkot
1441,0.0,0.0,0.0,0.0,0.0,0.0,0.0,0.0,0.5,0.0139156065078585,0.801000555864369,10,0.4761904761904761,0.4761904761904761,Kakinada
1442,0.0,0.0,0.0,0.0,0.0,0.0,0.0,0.0,0.45,0.8966673540450647,0.801556420233463,9,0.4285714285714285,0.4285714285714285,Vijayawada
1443,0.0,0.0,0.0,0.0,0.0,0.0,0.0,0.0,0.45,0.8018299473525659,0.802112284602557,9,0.4285714285714285,0.4285714285714285,Vizag
1444,0.0,0.0,0.0,0.0,0.0,0.0,0.0,0.0,0.45,0.8302495759215043,0.8026681489716508,9,0.4285714285714285,0.4285714285714285,Kakinada
1445,0.0,0.0,0.0,0.0,0.0,0.0,0.0,0.0,0.45,0.5197820139329121,0.8032240133407447,9,0.4285714285714285,0.4285714285714285,Bengaluru
1446,0.0,0.0,0.0,0.0,0.0,0.0,0.0,0.0,0.45,0.7437457962906784,0.8037798777098388,9,0.4285714285714285,0.4285714285714285,Bengaluru
1447,0.0,0.0,0.0,0.0,0.0,0.0,0.0,0.0,0.45,0.8233037355998272,0.8043357420789327,9,0.4285714285714285,0.4285714285714285,Hyderabad
1448,0.0,0.0,0.0,0.0,0.0,0.0,0.0,0.0,0.45,0.3567571625275219,0.8048916064480266,9,0.4285714285714285,0.4285714285714285,Samalkot
1449,0.0,0.0714285714285714,0.0,0.0,0.0,0.0,0.0714285714285714,0.0,0.45,0.2131010452017223,0.8054474708171205,10,0.4761904761904761,0.4761904761904761,Hyderabad
1450,0.0,0.0,0.0,0.0714285714285714,0.0,0.0,0.0,0.0714285714285714,0.45,0.5189276612445703,0.8060033351862146,10,0.4285714285714285,0.4285714285714285,Bengaluru
1451,0.0,0.0,0.0,0.0,0.0,0.0,0.0,0.0,0.5,0.3286663744341005,0.8065591995553085,10,0.4761904761904761,0.4761904761904761,Vijayawada
1452,0.0,0.0,0.0,0.0,0.0,0.0,0.0,0.0,0.5,0.5423854596684909,0.8071150639244024,10,0.4761904761904761,0.4761904761904761,Rajahmundry
1453,0.0,0.0,0.0,0.0,0.0,0.0,0.0,0.0,0.5,0.6285749749976675,0.8076709282934963,10,0.4761904761904761,0.4761904761904761,Rajahmundry
1454,0.0,0.0,0.0,0.0,0.0,0.0,0.0,0.0,0.5,0.9081183946702952,0.8082267926625903,10,0.4761904761904761,0.4761904761904761,Vizag
1455,0.0,0.0,0.0,0.0,0.0,0.0,0.0,0.0,0.5,0.8207891654856265,0.8087826570316843,10,0.4761904761904761,0.4761904761904761,Samalkot
1456,0.0,0.0,0.0,0.0,0.0,0.0,0.0,0.0,0.5,0.9514804197168348,0.8093385214007781,10,0.4761904761904761,0.4761904761904761,Hyderabad
1457,0.0,0.1428571428571428,0.0,0.0,0.0,0.0,0.1428571428571428,0.0,0.5,0.0237598896360764,0.809894385769872,12,0.5714285714285714,0.5714285714285713,Kakinada
1458,0.0,0.0,0.0,0.1428571428571428,0.0,0.0,0.0,0.1428571428571428,0.5,0.505471786332744,0.8104502501389661,12,0.4761904761904761,0.4761904761904761,Vizag
1459,0.0,0.0,0.0,0.0,0.0,0.0,0.0,0.0,0.5,0.911465645376268,0.81100611450806,10,0.4761904761904761,0.4761904761904761,Hyderabad
1460,0.0,0.0,0.0,0.0,0.0,0.0,0.0,0.0,0.5,0.3659845450524843,0.8115619788771538,10,0.4761904761904761,0.4761904761904761,Samalkot
1461,0.0,0.0,0.0,0.0,0.0,0.0,0.0,0.0,0.5,0.2413984044243062,0.8121178432462479,10,0.4761904761904761,0.4761904761904761,Rajahmundry
1462,0.0,0.0,0.0,0.0,0.0,0.0,0.0,0.0,0.5,0.1316005144765883,0.8126737076153417,10,0.4761904761904761,0.4761904761904761,Vijayawada
1463,0.0,0.0,0.0,0.0,0.0,0.0,0.0,0.0,0.5,0.9114518812439272,0.8132295719844358,10,0.4761904761904761,0.4761904761904761,Hyderabad
1464,0.0,0.0,0.0,0.0,0.0,0.0,0.0,0.0,0.5,0.0638160651523165,0.8137854363535296,10,0.4761904761904761,0.4761904761904761,Vizag
1465,0.0,0.0,0.0,0.0,0.0,0.0,0.0,0.0,0.5,0.5619776741179454,0.8143413007226237,10,0.4761904761904761,0.4761904761904761,Samalkot
1466,0.0,0.0,0.0,0.0,0.0,0.0,0.0,0.0,0.5,0.0894138029276732,0.8148971650917176,10,0.4761904761904761,0.4761904761904761,Samalkot
1467,0.0,0.0,0.0,0.0,0.0,0.0,0.0,0.0,0.5,0.4762668419678966,0.8154530294608116,10,0.4761904761904761,0.4761904761904761,Kakinada
1468,0.0,0.0714285714285714,0.0,0.0,0.0,0.0,0.0714285714285714,0.0,0.5,0.134225429245699,0.8160088938299054,11,0.5238095238095237,0.5238095238095237,Vizag
1469,0.0,0.0,0.0,0.0714285714285714,0.0,0.0,0.0,0.0714285714285714,0.5,0.4920045839032165,0.8165647581989994,11,0.4761904761904761,0.4761904761904761,Hyderabad
1470,0.0,0.0,0.0,0.0,0.0,0.0,0.0,0.0,0.5,0.7532691080978122,0.8171206225680934,10,0.4761904761904761,0.4761904761904761,Vijayawada
1471,0.0,0.0,0.0,0.0,0.0,0.0,0.0,0.0,0.5,0.9205549355531528,0.8176764869371873,10,0.4761904761904761,0.4761904761904761,Samalkot
1472,0.0,0.0,0.0,0.0,0.0,0.0,0.0,0.0,0.5,0.1187949064213884,0.8182323513062811,10,0.4761904761904761,0.4761904761904761,Hyderabad
1473,0.0,0.0,0.0,0.0,0.0,0.0,0.0,0.0,0.5,0.5740733786772956,0.8187882156753752,10,0.4761904761904761,0.4761904761904761,Kakinada
1474,0.0,0.0,0.0,0.0,0.0,0.0,0.0,0.0,0.5,0.9755877901934212,0.8193440800444691,10,0.4761904761904761,0.4761904761904761,Kakinada
1475,0.0,0.0,0.0,0.0,0.0,0.0,0.0,0.0,0.5,0.3670470686733977,0.819899944413563,10,0.4761904761904761,0.4761904761904761,Vijayawada
1476,0.0,0.0,0.0,0.0,0.0,0.0,0.0,0.0,0.5,0.3388104821119615,0.8204558087826571,10,0.4761904761904761,0.4761904761904761,Hyderabad
1477,0.0,0.0,0.0,0.0,0.0,0.0,0.0,0.0,0.5,0.9431656759371254,0.8210116731517508,10,0.4761904761904761,0.4761904761904761,Vijayawada
1478,0.0,0.0,0.0,0.0,0.0,0.0,0.0,0.0,0.5,0.6847428604740875,0.8215675375208449,10,0.4761904761904761,0.4761904761904761,Bengaluru
1479,0.0,0.0,0.0,0.0,0.0,0.0,0.0,0.0,0.5,0.2766539135160126,0.8221234018899388,10,0.4761904761904761,0.4761904761904761,Vizag
1480,0.0,0.0,0.0,0.0,0.0,0.0,0.0,0.0,0.5,0.4707746841387932,0.8226792662590329,10,0.4761904761904761,0.4761904761904761,Vizag
1481,0.0,0.0,0.0,0.0,0.0,0.0,0.0,0.0,0.5,0.0890703785835083,0.8232351306281267,10,0.4761904761904761,0.4761904761904761,Vizag
1482,0.0,0.0,0.0,0.0,0.0,0.0,0.0,0.0,0.5,0.3428803231136095,0.8237909949972206,10,0.4761904761904761,0.4761904761904761,Rajahmundry
1483,0.0,0.0714285714285714,0.0,0.0,0.0,0.0,0.0714285714285714,0.0,0.45,0.6376077191979217,0.8243468593663146,10,0.4761904761904761,0.4761904761904761,Kakinada
1484,0.0,0.0,0.0,0.0714285714285714,0.0,0.0,0.0,0.0714285714285714,0.45,0.7531037094204309,0.8249027237354086,10,0.4285714285714285,0.4285714285714285,Kakinada
1485,0.0,0.0,0.0,0.0,0.0,0.0,0.0,0.0,0.45,0.3626102103675432,0.8254585881045025,9,0.4285714285714285,0.4285714285714285,Vijayawada
1486,0.0,0.0,0.0,0.0,0.0,0.0,0.0,0.0,0.4,0.762878698805534,0.8260144524735964,8,0.3809523809523809,0.3809523809523809,Samalkot
1487,0.0,0.0,0.0,0.0,0.0,0.0,0.0,0.0,0.4,0.2140520266238899,0.8265703168426903,8,0.3809523809523809,0.3809523809523809,Kakinada
1488,0.0,0.0,0.0,0.0,0.0,0.0,0.0,0.0,0.45,0.0326113465241644,0.8271261812117844,9,0.4285714285714285,0.4285714285714285,Rajahmundry
1489,0.0,0.1428571428571428,0.0,0.0,0.0,0.0,0.1428571428571428,0.0,0.45,0.3710516189360242,0.8276820455808782,11,0.5238095238095237,0.5238095238095237,Rajahmundry
1490,0.0,0.0,0.0,0.1428571428571428,0.0,0.0,0.0,0.1428571428571428,0.45,0.5184518266383922,0.828237909949972,11,0.4285714285714285,0.4285714285714285,Kakinada
1491,0.0,0.0,0.0,0.0,0.0,0.0,0.0,0.0,0.55,0.9368594185978052,0.8287937743190662,11,0.5238095238095237,0.5238095238095237,Bengaluru
1492,0.0,0.0,0.0,0.0,0.0,0.0,0.0,0.0,0.55,0.7211664329068042,0.8293496386881599,11,0.5238095238095237,0.5238095238095237,Vizag
1493,0.0,0.0,0.0,0.0,0.0,0.0,0.0,0.0,0.55,0.0695868159105628,0.829905503057254,11,0.5238095238095237,0.5238095238095237,Hyderabad
1494,0.0,0.0,0.0,0.0,0.0,0.0,0.0,0.0,0.55,0.3577760853622158,0.8304613674263479,11,0.5238095238095237,0.5238095238095237,Vizag
1495,0.0,0.0,0.0,0.0,0.0,0.0,0.0,0.0,0.55,0.2112024831261303,0.831017231795442,11,0.5238095238095237,0.5238095238095237,Bengaluru
1496,0.0,0.0,0.0,0.0,0.0,0.0,0.0,0.0,0.55,0.2708664833665022,0.8315730961645359,11,0.5238095238095237,0.5238095238095237,Rajahmundry
1497,0.0,0.0,0.0,0.0,0.0,0.0,0.0,0.0,0.55,0.4427406414689578,0.8321289605336297,11,0.5238095238095237,0.5238095238095237,Vijayawada
1498,0.0,0.0,0.0,0.0,0.0,0.0,0.0,0.0,0.55,0.0514239334800523,0.8326848249027237,11,0.5238095238095237,0.5238095238095237,Vijayawada
1499,0.0,0.0,0.0,0.0,0.0,0.0,0.0,0.0,0.55,0.7028017672027937,0.8332406892718177,11,0.5238095238095237,0.5238095238095237,Rajahmundry
1500,0.0,0.0,0.0,0.0,0.0,0.0,0.0,0.0,0.55,0.7746201268184729,0.8337965536409117,11,0.5238095238095237,0.5238095238095237,Vizag
1501,0.0,0.0,0.0,0.0,0.0,0.0,0.0,0.0,0.55,0.2652568122103635,0.8343524180100055,11,0.5238095238095237,0.5238095238095237,Vizag
1502,0.0,0.0,0.0,0.0,0.0,0.0,0.0,0.0,0.55,0.8965787575263315,0.8349082823790994,11,0.5238095238095237,0.5238095238095237,Bengaluru
1503,0.0,0.0,0.0,0.0,0.0,0.0,0.0,0.0,0.55,0.0771187184996475,0.8354641467481935,11,0.5238095238095237,0.5238095238095237,Vijayawada
1504,0.0,0.0,0.0,0.0,0.0,0.0,0.0,0.0,0.55,0.6438499037344891,0.8360200111172874,11,0.5238095238095237,0.5238095238095237,Vizag
1505,0.0,0.0,0.0,0.0,0.0,0.0,0.0,0.0,0.55,0.5145297417048897,0.8365758754863811,11,0.5238095238095237,0.5238095238095237,Bengaluru
1506,0.0,0.0,0.0,0.0,0.0,0.0,0.0,0.0,0.55,0.4848108213842965,0.8371317398554753,11,0.5238095238095237,0.5238095238095237,Rajahmundry
1507,0.0,0.0,0.0,0.0,0.0,0.0,0.0,0.0,0.55,0.5011435606283636,0.8376876042245691,11,0.5238095238095237,0.5238095238095237,Kakinada
1508,0.0,0.0,0.0,0.0,0.0,0.0,0.0,0.0,0.55,0.1928432153192221,0.8382434685936632,11,0.5238095238095237,0.5238095238095237,Vijayawada
1509,0.0,0.0,0.0,0.0,0.0,0.0,0.0,0.0,0.55,0.6639008207297774,0.838799332962757,11,0.5238095238095237,0.5238095238095237,Samalkot
1510,0.0,0.0714285714285714,0.0,0.0,0.0,0.0,0.0714285714285714,0.0,0.55,0.127660918438895,0.839355197331851,12,0.5714285714285714,0.5714285714285713,Hyderabad
1511,0.0,0.0714285714285714,0.0,0.0714285714285714,0.0,0.0,0.0714285714285714,0.0714285714285714,0.55,0.3737872713830132,0.839911061700945,13,0.5714285714285714,0.5714285714285713,Hyderabad
1512,0.0,0.0,0.0,0.0714285714285714,0.0,0.0,0.0,0.0714285714285714,0.6000000000000001,0.9160158175396004,0.8404669260700389,13,0.5714285714285714,0.5714285714285713,Vijayawada
1513,0.0,0.0,0.0,0.0,0.0,0.0,0.0,0.0,0.65,0.367808865152778,0.8410227904391328,13,0.6190476190476191,0.619047619047619,Bengaluru
1514,0.0,0.0,0.0,0.0,0.0,0.0,0.0,0.0,0.65,0.2048773563609003,0.8415786548082268,13,0.6190476190476191,0.619047619047619,Bengaluru
1515,0.0,0.0,0.0,0.0,0.0,0.0,0.0,0.0,0.65,0.7357520370686836,0.8421345191773207,13,0.6190476190476191,0.619047619047619,Hyderabad
1516,0.0,0.0,0.0,0.0,0.0,0.0,0.0,0.0,0.65,0.2598660594640469,0.8426903835464147,13,0.6190476190476191,0.619047619047619,Hyderabad
1517,0.0,0.0,0.0,0.0,0.0,0.0,0.0,0.0,0.65,0.8422510056902723,0.8432462479155085,13,0.6190476190476191,0.619047619047619,Hyderabad
1518,0.0,0.0714285714285714,0.0,0.0,0.0,0.0,0.0714285714285714,0.0,0.65,0.8668071637104793,0.8438021122846026,14,0.6666666666666666,0.6666666666666666,Hyderabad
1519,0.0,0.0,0.0,0.0714285714285714,0.0,0.0,0.0,0.0714285714285714,0.65,0.5862113888421425,0.8443579766536965,14,0.6190476190476191,0.619047619047619,Vijayawada
1520,0.0,0.0,0.0,0.0,0.0,0.0,0.0,0.0,0.7000000000000001,0.3908646242439542,0.8449138410227902,14,0.6666666666666666,0.6666666666666666,Hyderabad
1521,0.0,0.0,0.0,0.0,0.0,0.0,0.0,0.0,0.7000000000000001,0.1486325344268693,0.8454697053918844,14,0.6666666666666666,0.6666666666666666,Hyderabad
1522,0.0,0.0,0.0,0.0,0.0,0.0,0.0,0.0,0.7000000000000001,0.3732355815196249,0.8460255697609782,14,0.6666666666666666,0.6666666666666666,Vijayawada
1523,0.0,0.0,0.0,0.0,0.0,0.0,0.0,0.0,0.7000000000000001,0.7702051162697272,0.8465814341300723,14,0.6666666666666666,0.6666666666666666,Vijayawada
1524,0.0,0.0,0.0,0.0,0.0,0.0,0.0,0.0,0.55,0.100488742447248,0.8471372984991662,11,0.5238095238095237,0.5238095238095237,Rajahmundry
1525,0.0,0.0,0.0,0.0,0.0,0.0,0.0,0.0,0.55,0.6870377098113347,0.8476931628682601,11,0.5238095238095237,0.5238095238095237,Rajahmundry
1526,0.0,0.0,0.0,0.0,0.0,0.0,0.0,0.0,0.55,0.3814105053992538,0.8482490272373541,11,0.5238095238095237,0.5238095238095237,Rajahmundry
1527,0.0,0.0,0.0,0.0,0.0,0.0,0.0,0.0,0.55,0.8933867001799694,0.848804891606448,11,0.5238095238095237,0.5238095238095237,Samalkot
1528,0.0,0.0,0.0,0.0,0.0,0.0,0.0,0.0,0.55,0.6449994675377946,0.849360755975542,11,0.5238095238095237,0.5238095238095237,Vizag
1529,0.0,0.0,0.0,0.0,0.0,0.0,0.0,0.0,0.55,0.6656201031404128,0.8499166203446359,11,0.5238095238095237,0.5238095238095237,Rajahmundry
1530,0.0,0.0,0.0,0.0,0.0,0.0,0.0,0.0,0.55,0.0881154014108454,0.8504724847137298,11,0.5238095238095237,0.5238095238095237,Vizag
1531,0.0,0.0,0.0,0.0,0.0,0.0,0.0,0.0,0.55,0.8945380296995038,0.8510283490828238,11,0.5238095238095237,0.5238095238095237,Samalkot
1532,0.0,0.0,0.0,0.0,0.0,0.0,0.0,0.0,0.55,0.1109045822132968,0.8515842134519177,11,0.5238095238095237,0.5238095238095237,Hyderabad
1533,0.0,0.0,0.0,0.0,0.0,0.0,0.0,0.0,0.55,0.5650700108323006,0.8521400778210116,11,0.5238095238095237,0.5238095238095237,Rajahmundry
1534,0.0,0.0,0.0,0.0,0.0,0.0,0.0,0.0,0.55,0.1277190424355929,0.8526959421901056,11,0.5238095238095237,0.5238095238095237,Hyderabad
1535,0.0,0.0,0.0,0.0,0.0,0.0,0.0,0.0,0.55,0.9594332563113191,0.8532518065591994,11,0.5238095238095237,0.5238095238095237,Rajahmundry
1536,0.0,0.0,0.0,0.0,0.0,0.0,0.0,0.0,0.55,0.6410917240073506,0.8538076709282936,11,0.5238095238095237,0.5238095238095237,Vijayawada
1537,0.0,0.0714285714285714,0.0,0.0,0.0,0.0,0.0714285714285714,0.0,0.55,0.3952213913693894,0.8543635352973873,12,0.5714285714285714,0.5714285714285713,Kakinada
1538,0.0,0.0,0.0,0.0714285714285714,0.0,0.0,0.0,0.0714285714285714,0.55,0.6041802049429792,0.8549193996664813,12,0.5238095238095237,0.5238095238095237,Hyderabad
1539,0.0,0.0714285714285714,0.0,0.0,0.0,0.0,0.0714285714285714,0.0,0.5,0.8329985207990587,0.8554752640355753,11,0.5238095238095237,0.5238095238095237,Bengaluru
1540,0.0,0.0,0.0,0.0714285714285714,0.0,0.0,0.0,0.0714285714285714,0.5,0.2113981696130582,0.8560311284046693,11,0.4761904761904761,0.4761904761904761,Vizag
1541,0.0,0.0,0.0,0.0,0.0,0.0,0.0,0.0,0.55,0.8622307146940227,0.8565869927737632,11,0.5238095238095237,0.5238095238095237,Kakinada
1542,0.0,0.0,0.0,0.0,0.0,0.0,0.0,0.0,0.55,0.0382627616534181,0.8571428571428571,11,0.5238095238095237,0.5238095238095237,Bengaluru
1543,0.0,0.0,0.0,0.0,0.0,0.0,0.0,0.0,0.6000000000000001,0.5919600345952993,0.857698721511951,12,0.5714285714285714,0.5714285714285713,Vizag
1544,0.0,0.0,0.0,0.0,0.0,0.0,0.0,0.0,0.55,0.7985919814770515,0.8582545858810451,11,0.5238095238095237,0.5238095238095237,Samalkot
1545,0.0,0.0,0.0,0.0,0.0,0.0,0.0,0.0,0.6000000000000001,0.5422447607685392,0.8588104502501389,12,0.5714285714285714,0.5714285714285713,Hyderabad
1546,0.0,0.0,0.0,0.0,0.0,0.0,0.0,0.0,0.5,0.0506013685767832,0.8593663146192329,10,0.4761904761904761,0.4761904761904761,Vijayawada
1547,0.0,0.0,0.0,0.0,0.0,0.0,0.0,0.0,0.5,0.2705891635911208,0.8599221789883268,10,0.4761904761904761,0.4761904761904761,Rajahmundry
1548,0.0,0.0,0.0,0.0,0.0,0.0,0.0,0.0,0.5,0.0695210641102823,0.8604780433574208,10,0.4761904761904761,0.4761904761904761,Vizag
1549,0.0,0.0,0.0,0.0,0.0,0.0,0.0,0.0,0.5,0.5479819501968308,0.8610339077265147,10,0.4761904761904761,0.4761904761904761,Samalkot
1550,0.0,0.0,0.0,0.0,0.0,0.0,0.0,0.0,0.5,0.2679019600822807,0.8615897720956085,10,0.4761904761904761,0.4761904761904761,Rajahmundry
1551,0.0,0.0,0.0,0.0,0.0,0.0,0.0,0.0,0.5,0.3677220851281948,0.8621456364647027,10,0.4761904761904761,0.4761904761904761,Kakinada
1552,0.0,0.0,0.0,0.0,0.0,0.0,0.0,0.0,0.5,0.8377512249945323,0.8627015008337965,10,0.4761904761904761,0.4761904761904761,Bengaluru
1553,0.0,0.0,0.0,0.0,0.0,0.0,0.0,0.0,0.5,0.9006629302509452,0.8632573652028904,10,0.4761904761904761,0.4761904761904761,Vizag
1554,0.0,0.0,0.0,0.0,0.0,0.0,0.0,0.0,0.5,0.3297859617316681,0.8638132295719844,10,0.4761904761904761,0.4761904761904761,Hyderabad
1555,0.0,0.0,0.0,0.0,0.0,0.0,0.0,0.0,0.5,0.3861665013015645,0.8643690939410784,10,0.4761904761904761,0.4761904761904761,Rajahmundry
1556,0.0,0.0714285714285714,0.0,0.0,0.0,0.0,0.0714285714285714,0.0,0.5,0.6460711236600685,0.8649249583101724,11,0.5238095238095237,0.5238095238095237,Rajahmundry
1557,0.0,0.0,0.0,0.0714285714285714,0.0,0.0,0.0,0.0714285714285714,0.5,0.7047332939573745,0.8654808226792662,11,0.4761904761904761,0.4761904761904761,Kakinada
1558,0.0,0.0,0.0,0.0,0.0,0.0,0.0,0.0,0.55,0.1693751895205566,0.8660366870483601,11,0.5238095238095237,0.5238095238095237,Vijayawada
1559,0.0,0.0,0.0,0.0,0.0,0.0,0.0,0.0,0.55,0.8537890656355573,0.8665925514174542,11,0.5238095238095237,0.5238095238095237,Vijayawada
1560,0.0,0.0,0.0,0.0,0.0,0.0,0.0,0.0,0.5,0.1935805844397131,0.8671484157865481,10,0.4761904761904761,0.4761904761904761,Vijayawada
1561,0.0,0.0,0.0,0.0,0.0,0.0,0.0,0.0,0.45,0.8776873738483513,0.8677042801556419,9,0.4285714285714285,0.4285714285714285,Samalkot
1562,0.0,0.0,0.0,0.0,0.0,0.0,0.0,0.0,0.45,0.2789384348965955,0.8682601445247359,9,0.4285714285714285,0.4285714285714285,Bengaluru
1563,0.0,0.0,0.0,0.0,0.0,0.0,0.0,0.0,0.45,0.5349729800531771,0.8688160088938299,9,0.4285714285714285,0.4285714285714285,Vizag
1564,0.0,0.0,0.0,0.0,0.0,0.0,0.0,0.0,0.45,0.9277050253109744,0.8693718732629239,9,0.4285714285714285,0.4285714285714285,Kakinada
1565,0.0,0.0714285714285714,0.0,0.0,0.0,0.0,0.0714285714285714,0.0,0.45,0.3185246977709204,0.8699277376320176,10,0.4761904761904761,0.4761904761904761,Vijayawada
1566,0.0,0.0,0.0,0.0714285714285714,0.0,0.0,0.0,0.0714285714285714,0.45,0.2931427976876937,0.8704836020011117,10,0.4285714285714285,0.4285714285714285,Kakinada
1567,0.0,0.0,0.0,0.0,0.0,0.0,0.0,0.0,0.5,0.304058261072242,0.8710394663702056,10,0.4761904761904761,0.4761904761904761,Vijayawada
1568,0.0,0.0,0.0,0.0,0.0,0.0,0.0,0.0,0.5,0.1711644971042443,0.8715953307392996,10,0.4761904761904761,0.4761904761904761,Rajahmundry
1569,0.0,0.0,0.0,0.0,0.0,0.0,0.0,0.0,0.45,0.9514139190979624,0.8721511951083935,9,0.4285714285714285,0.4285714285714285,Hyderabad
1570,0.0,0.0,0.0,0.0,0.0,0.0,0.0,0.0,0.45,0.9888899929932808,0.8727070594774875,9,0.4285714285714285,0.4285714285714285,Kakinada
1571,0.0,0.0,0.0,0.0,0.0,0.0,0.0,0.0,0.45,0.1267790785134046,0.8732629238465814,9,0.4285714285714285,0.4285714285714285,Vizag
1572,0.0,0.0,0.0,0.0,0.0,0.0,0.0,0.0,0.45,0.4395942417108334,0.8738187882156754,9,0.4285714285714285,0.4285714285714285,Vijayawada
1573,0.0,0.0,0.0,0.0,0.0,0.0,0.0,0.0,0.45,0.4935197878713633,0.8743746525847692,9,0.4285714285714285,0.4285714285714285,Samalkot
1574,0.0,0.0,0.0,0.0,0.0,0.0,0.0,0.0,0.45,0.1931018906578705,0.8749305169538633,9,0.4285714285714285,0.4285714285714285,Vijayawada
1575,0.0,0.0,0.0,0.0,0.0,0.0,0.0,0.0,0.45,0.7888724378798551,0.8754863813229572,9,0.4285714285714285,0.4285714285714285,Vizag
1576,0.0,0.0,0.0,0.0,0.0,0.0,0.0,0.0,0.45,0.4994038249362307,0.8760422456920511,9,0.4285714285714285,0.4285714285714285,Vizag
1577,0.0,0.0,0.0,0.0,0.0,0.0,0.0,0.0,0.45,0.574534931490102,0.876598110061145,9,0.4285714285714285,0.4285714285714285,Samalkot
1578,0.0,0.0,0.0,0.0,0.0,0.0,0.0,0.0,0.45,0.9436100215631212,0.877153974430239,9,0.4285714285714285,0.4285714285714285,Vizag
1579,0.0,0.0,0.0,0.0,0.0,0.0,0.0,0.0,0.4,0.2018591276864791,0.877709838799333,8,0.3809523809523809,0.3809523809523809,Rajahmundry
1580,0.0,0.0714285714285714,0.0,0.0,0.0,0.0,0.0714285714285714,0.0,0.4,0.9951425949704518,0.8782657031684268,9,0.4285714285714285,0.4285714285714285,Vizag
1581,0.0,0.0,0.0,0.0714285714285714,0.0,0.0,0.0,0.0714285714285714,0.4,0.5000487979417405,0.8788215675375208,9,0.3809523809523809,0.3809523809523809,Vizag
1582,0.0,0.0,1.0,0.0,1.0,0.0,0.0,0.0,0.4,0.2018448380085638,0.8793774319066147,9,0.3809523809523809,0.3809523809523809,Bengaluru
1583,0.0,0.0,0.0,0.0,0.0,0.0,0.0,0.0,0.4,0.2083800370360786,0.8799332962757087,8,0.3809523809523809,0.3809523809523809,Hyderabad
1584,0.0,0.0,0.0,0.0,0.0,0.0,0.0,0.0,0.4,0.4520132366324012,0.8804891606448026,8,0.3809523809523809,0.3809523809523809,Vizag
1585,0.0,0.0,0.0,0.0,0.0,0.0,0.0,0.0,0.4,0.4167323573515706,0.8810450250138966,8,0.3809523809523809,0.3809523809523809,Vijayawada
1586,0.0,0.0,0.0,0.0,0.0,0.0,0.0,0.0,0.4,0.3519420395046269,0.8816008893829905,8,0.3809523809523809,0.3809523809523809,Vijayawada
1587,0.0,0.0,0.0,0.0,0.0,0.0,0.0,0.0,0.4,0.981376871981749,0.8821567537520845,8,0.3809523809523809,0.3809523809523809,Samalkot
1588,0.0,0.0,0.0,0.0,0.0,0.0,0.0,0.0,0.4,0.4087168362180204,0.8827126181211784,8,0.3809523809523809,0.3809523809523809,Kakinada
1589,1.0,0.0,0.0,0.0,0.0,0.0,0.0714285714285714,0.0,0.35,0.9599673945544752,0.8832684824902723,8,0.3809523809523809,0.3809523809523809,Hyderabad
1590,0.0,0.0,0.0,0.0,0.0,0.0,0.0,0.0,0.35,0.9550809472781052,0.8838243468593663,7,0.3333333333333333,0.3333333333333333,Hyderabad
1591,0.0,0.0,0.0,0.0,0.0,0.0,0.0,0.0,0.35,0.3666528732004714,0.8843802112284602,7,0.3333333333333333,0.3333333333333333,Bengaluru
1592,0.0,0.0,0.0,0.0,0.0,0.0,0.0,0.0,0.35,0.7601279450642,0.8849360755975542,7,0.3333333333333333,0.3333333333333333,Hyderabad
1593,0.0,0.0,0.0,0.0,0.0,0.0,0.0,0.0,0.35,0.2681445902701664,0.8854919399666481,7,0.3333333333333333,0.3333333333333333,Hyderabad
1594,0.0,0.0,0.0,0.0,0.0,0.0,0.0,0.0,0.35,0.2216478154781924,0.886047804335742,7,0.3333333333333333,0.3333333333333333,Bengaluru
1595,0.0,0.0,0.0,0.0,0.0,0.0,0.0,0.0,0.35,0.5927167154827833,0.8866036687048359,7,0.3333333333333333,0.3333333333333333,Bengaluru
1596,0.0,0.0,0.0,0.0,0.0,0.0,0.0,0.0,0.35,0.2857099988269107,0.88715953307393,7,0.3333333333333333,0.3333333333333333,Rajahmundry
1597,0.0,0.0,0.0,0.0,0.0,0.0,0.0,0.0,0.35,0.8785159649346934,0.8877153974430237,7,0.3333333333333333,0.3333333333333333,Bengaluru
1598,0.0,0.0,0.0,0.0,0.0,0.0,0.0,0.0,0.35,0.0005043287360635,0.8882712618121178,7,0.3333333333333333,0.3333333333333333,Bengaluru
1599,0.0,0.0,0.0,0.0,0.0,0.0,0.0,0.0,0.35,0.467099871004738,0.8888271261812117,7,0.3333333333333333,0.3333333333333333,Kakinada
1600,0.0,0.0,0.0,0.0,0.0,0.0,0.0,0.0,0.35,0.2369812693352546,0.8893829905503058,7,0.3333333333333333,0.3333333333333333,Bengaluru
1601,0.0,0.0,0.0,0.0,0.0,0.0,0.0,0.0,0.35,0.3196360605078583,0.8899388549193996,7,0.3333333333333333,0.3333333333333333,Vijayawada
1602,0.0,0.0,0.0,0.0,0.0,0.0,0.0,0.0,0.35,0.0119431904738298,0.8904947192884936,7,0.3333333333333333,0.3333333333333333,Samalkot
1603,0.0,0.0,0.0,0.0,0.0,0.0,0.0,0.0,0.35,0.3695154078805993,0.8910505836575875,7,0.3333333333333333,0.3333333333333333,Rajahmundry
1604,0.0,0.0,0.0,0.0,0.0,0.0,0.0,0.0,0.35,0.7848190572554339,0.8916064480266815,7,0.3333333333333333,0.3333333333333333,Samalkot
1605,0.0,0.0,0.0,0.0,0.0,0.0,0.0,0.0,0.35,0.407841305939904,0.8921623123957754,7,0.3333333333333333,0.3333333333333333,Vijayawada
1606,0.0,0.0,0.0,0.0,0.0,0.0,0.0,0.0,0.35,0.2183768000901649,0.8927181767648693,7,0.3333333333333333,0.3333333333333333,Hyderabad
1607,0.0,0.0,0.0,0.0,0.0,0.0,0.0,0.0,0.35,0.7141195403349201,0.8932740411339632,7,0.3333333333333333,0.3333333333333333,Samalkot
1608,0.0,0.0,0.0,0.0,0.0,0.0,0.0,0.0,0.35,0.2600583668094283,0.8938299055030573,7,0.3333333333333333,0.3333333333333333,Hyderabad
1609,0.0,0.0,0.0,0.0,0.0,0.0,0.0,0.0,0.35,0.0194893379448968,0.8943857698721511,7,0.3333333333333333,0.3333333333333333,Samalkot
1610,0.0,0.0,0.0,0.0,0.0,0.0,0.0,0.0,0.35,0.7857673066964934,0.894941634241245,7,0.3333333333333333,0.3333333333333333,Vizag
1611,0.0,0.0,0.0,0.0,0.0,0.0,0.0,0.0,0.35,0.6984552245853111,0.8954974986103391,7,0.3333333333333333,0.3333333333333333,Vijayawada
1612,0.0,0.0,0.0,0.0,0.0,0.0,0.0,0.0,0.35,0.4835557284274039,0.8960533629794329,7,0.3333333333333333,0.3333333333333333,Vijayawada
1613,0.0,0.0,0.0,0.0,0.0,0.0,0.0,0.0,0.3,0.0565466760353132,0.8966092273485269,6,0.2857142857142857,0.2857142857142856,Rajahmundry
1614,0.0,0.0,0.0,0.0,0.0,0.0,0.0,0.0,0.3,0.3605046199038364,0.8971650917176208,6,0.2857142857142857,0.2857142857142856,Samalkot
1615,0.0,0.0,0.0,0.0,0.0,0.0,0.0,0.0,0.3,0.7993100229392938,0.8977209560867149,6,0.2857142857142857,0.2857142857142856,Hyderabad
1616,0.0,0.0,0.0,0.0,0.0,0.0,0.0,0.0,0.3,0.1881010995207854,0.8982768204558088,6,0.2857142857142857,0.2857142857142856,Vijayawada
1617,0.0,0.0714285714285714,0.0,0.0,0.0,0.0,0.0714285714285714,0.0,0.3,0.5758812822612356,0.8988326848249026,7,0.3333333333333333,0.3333333333333333,Vizag
1618,0.0,0.0,0.0,0.0714285714285714,0.0,0.0,0.0,0.0714285714285714,0.3,0.5699647579281069,0.8993885491939966,7,0.2857142857142857,0.2857142857142856,Vijayawada
1619,0.0,0.0714285714285714,0.0,0.0,0.0,0.0,0.0714285714285714,0.0,0.35,0.366181685421562,0.8999444135630906,8,0.3809523809523809,0.3809523809523809,Hyderabad
1620,0.0,0.0714285714285714,0.0,0.0714285714285714,0.0,0.0,0.0714285714285714,0.0714285714285714,0.3,0.2538887821587525,0.9005002779321846,8,0.3333333333333333,0.3333333333333333,Kakinada
1621,0.0,0.0,0.0,0.0714285714285714,0.0,0.0,0.0,0.0714285714285714,0.35,0.5101224886898656,0.9010561423012784,8,0.3333333333333333,0.3333333333333333,Bengaluru
1622,0.0,0.0,0.0,0.0,0.0,0.0,0.0,0.0,0.4,0.755642519258543,0.9016120066703724,8,0.3809523809523809,0.3809523809523809,Kakinada
1623,0.0,0.0,0.0,0.0,0.0,0.0,0.0,0.0,0.4,0.2621965132258628,0.9021678710394664,8,0.3809523809523809,0.3809523809523809,Rajahmundry
1624,0.0,0.0,0.0,0.0,0.0,0.0,0.0,0.0,0.4,0.0809045464571776,0.9027237354085604,8,0.3809523809523809,0.3809523809523809,Bengaluru
1625,0.0,0.0,0.0,0.0,0.0,0.0,0.0,0.0,0.4,0.9656903568977442,0.903279599777654,8,0.3809523809523809,0.3809523809523809,Vizag
1626,0.0,0.0,0.0,0.0,0.0,0.0,0.0,0.0,0.4,0.6194216671853161,0.9038354641467482,8,0.3809523809523809,0.3809523809523809,Vizag
1627,0.0,0.0,0.0,0.0,0.0,0.0,0.0,0.0,0.4,0.7963088312154851,0.904391328515842,8,0.3809523809523809,0.3809523809523809,Vijayawada
1628,0.0,0.0,0.0,0.0,0.0,0.0,0.0,0.0,0.4,0.0194099696906029,0.904947192884936,8,0.3809523809523809,0.3809523809523809,Kakinada
1629,0.0,0.0,0.0,0.0,0.0,0.0,0.0,0.0,0.4,0.7100729700334651,0.90550305725403,8,0.3809523809523809,0.3809523809523809,Rajahmundry
1630,0.0,0.0,0.0,0.0,0.0,0.0,0.0,0.0,0.4,0.6288986726086483,0.906058921623124,8,0.3809523809523809,0.3809523809523809,Kakinada
1631,0.0,0.0,0.0,0.0,0.0,0.0,0.0,0.0,0.4,0.2999804848127025,0.906614785992218,8,0.3809523809523809,0.3809523809523809,Samalkot
1632,0.0,0.0,0.0,0.0,0.0,0.0,0.0,0.0,0.4,0.0842072957805646,0.9071706503613118,8,0.3809523809523809,0.3809523809523809,Vijayawada
1633,0.0,0.0,0.0,0.0,0.0,0.0,0.0,0.0,0.4,0.9158443960749318,0.9077265147304056,8,0.3809523809523809,0.3809523809523809,Rajahmundry
1634,0.0,0.0,0.0,0.0,0.0,0.0,0.0,0.0,0.4,0.973920556243474,0.9082823790994996,8,0.3809523809523809,0.3809523809523809,Hyderabad
1635,0.0,0.0714285714285714,0.0,0.0,0.0,0.0,0.0714285714285714,0.0,0.4,0.1051153236464361,0.9088382434685937,9,0.4285714285714285,0.4285714285714285,Vijayawada
1636,0.0,0.0,1.0,0.0714285714285714,1.0,0.0,0.0,0.0714285714285714,0.3,0.9874118334699032,0.9093941078376876,8,0.2857142857142857,0.2857142857142856,Rajahmundry
1637,0.0,0.0,0.0,0.0,0.0,0.0,0.0,0.0,0.35,0.3192983105359261,0.9099499722067814,7,0.3333333333333333,0.3333333333333333,Vizag
1638,0.0,0.0,0.0,0.0,0.0,0.0,0.0,0.0,0.35,0.3208545868682269,0.9105058365758756,7,0.3333333333333333,0.3333333333333333,Samalkot
1639,0.0,0.0,0.0,0.0,0.0,0.0,0.0,0.0,0.35,0.6382684595055412,0.9110617009449694,7,0.3333333333333333,0.3333333333333333,Rajahmundry
1640,0.0,0.0,0.0,0.0,0.0,0.0,0.0,0.0,0.35,0.8033820730853811,0.9116175653140632,7,0.3333333333333333,0.3333333333333333,Bengaluru
1641,0.0,0.0714285714285714,0.0,0.0,0.0,0.0,0.0714285714285714,0.0,0.35,0.2298391231137482,0.9121734296831572,8,0.3809523809523809,0.3809523809523809,Bengaluru
1642,0.0,0.0714285714285714,0.0,0.0714285714285714,0.0,0.0,0.0714285714285714,0.0714285714285714,0.35,0.8993311070822039,0.9127292940522512,9,0.3809523809523809,0.3809523809523809,Bengaluru
1643,0.0,0.0,0.0,0.0714285714285714,0.0,0.0,0.0,0.0714285714285714,0.35,0.4765506952591434,0.9132851584213452,8,0.3333333333333333,0.3333333333333333,Vizag
1644,0.0,0.0,0.0,0.0,0.0,0.0,0.0,0.0,0.4,0.7539064380331704,0.9138410227904392,8,0.3809523809523809,0.3809523809523809,Rajahmundry
1645,0.0,0.0,0.0,0.0,0.0,0.0,0.0,0.0,0.35,0.0987502573739946,0.914396887159533,7,0.3333333333333333,0.3333333333333333,Bengaluru
1646,0.0,0.0,0.0,0.0,0.0,0.0,0.0,0.0,0.35,0.8756408795878214,0.914952751528627,7,0.3333333333333333,0.3333333333333333,Samalkot
1647,0.0,0.0,0.0,0.0,0.0,0.0,0.0,0.0,0.35,0.1037084583996879,0.9155086158977208,7,0.3333333333333333,0.3333333333333333,Samalkot
1648,0.0,0.0,0.0,0.0,0.0,0.0,0.0,0.0,0.35,0.0950554289272282,0.9160644802668148,7,0.3333333333333333,0.3333333333333333,Vijayawada
1649,0.0,0.0,0.0,0.0,0.0,0.0,0.0,0.0,0.3,0.9253523221951628,0.9166203446359088,6,0.2857142857142857,0.2857142857142856,Kakinada
1650,0.0,0.0,0.0,0.0,0.0,0.0,0.0,0.0,0.3,0.6464651833215354,0.9171762090050029,6,0.2857142857142857,0.2857142857142856,Samalkot
1651,0.0,0.0,0.0,0.0,0.0,0.0,0.0,0.0,0.3,0.5470739624862058,0.9177320733740968,6,0.2857142857142857,0.2857142857142856,Vijayawada
1652,0.0,0.0,0.0,0.0,0.0,0.0,0.0,0.0,0.3,0.7144627321881762,0.9182879377431906,6,0.2857142857142857,0.2857142857142856,Hyderabad
1653,0.0,0.0,0.0,0.0,0.0,0.0,0.0,0.0,0.3,0.343419934132289,0.9188438021122846,6,0.2857142857142857,0.2857142857142856,Samalkot
1654,0.0,0.0,0.0,0.0,0.0,0.0,0.0,0.0,0.3,0.6524848588067891,0.9193996664813784,6,0.2857142857142857,0.2857142857142856,Samalkot
1655,0.0,0.0,0.0,0.0,0.0,0.0,0.0,0.0,0.3,0.7950348410324528,0.9199555308504724,6,0.2857142857142857,0.2857142857142856,Vijayawada
1656,0.0,0.0,0.0,0.0,0.0,0.0,0.0,0.0,0.3,0.0708846829000264,0.9205113952195664,6,0.2857142857142857,0.2857142857142856,Samalkot
1657,0.0,0.0714285714285714,0.0,0.0,0.0,0.0,0.0714285714285714,0.0,0.3,0.706047326301058,0.9210672595886602,7,0.3333333333333333,0.3333333333333333,Kakinada
1658,0.0,0.0,0.0,0.0714285714285714,0.0,0.0,0.0,0.0714285714285714,0.3,0.0006726474160163,0.9216231239577544,7,0.2857142857142857,0.2857142857142856,Vizag
1659,0.0,0.0,0.0,0.0,0.0,0.0,0.0,0.0,0.35,0.2320306622989389,0.9221789883268482,7,0.3333333333333333,0.3333333333333333,Samalkot
1660,0.0,0.0,0.0,0.0,0.0,0.0,0.0,0.0,0.35,0.2388317782268652,0.9227348526959422,7,0.3333333333333333,0.3333333333333333,Samalkot
1661,0.0,0.0,0.0,0.0,0.0,0.0,0.0,0.0,0.35,0.8463545316121723,0.923290717065036,7,0.3333333333333333,0.3333333333333333,Vizag
1662,0.0,0.0,0.0,0.0,0.0,0.0,0.0,0.0,0.35,0.2278300665724726,0.92384658143413,7,0.3333333333333333,0.3333333333333333,Vizag
1663,0.0,0.0,0.0,0.0,0.0,0.0,0.0,0.0,0.3,0.1017002410880756,0.924402445803224,6,0.2857142857142857,0.2857142857142856,Samalkot
1664,0.0,0.0,0.0,0.0,0.0,0.0,0.0,0.0,0.3,0.1557179133453563,0.924958310172318,6,0.2857142857142857,0.2857142857142856,Samalkot
1665,0.0,0.0714285714285714,0.0,0.0,0.0,0.0,0.0714285714285714,0.0,0.3,0.7774114331683148,0.9255141745414118,7,0.3333333333333333,0.3333333333333333,Bengaluru
1666,0.0,0.0,0.0,0.0714285714285714,0.0,0.0,0.0,0.0714285714285714,0.3,0.7315784753303587,0.9260700389105058,7,0.2857142857142857,0.2857142857142856,Vijayawada
1667,0.0,0.0,0.0,0.0,0.0,0.0,0.0,0.0,0.35,0.5225198540042544,0.9266259032795996,7,0.3333333333333333,0.3333333333333333,Vijayawada
1668,0.0,0.0,0.0,0.0,0.0,0.0,0.0,0.0,0.35,0.5128076016259886,0.9271817676486938,7,0.3333333333333333,0.3333333333333333,Rajahmundry
1669,0.0,0.0714285714285714,0.0,0.0,0.0,0.0,0.0714285714285714,0.0,0.35,0.8791226713820022,0.9277376320177876,8,0.3809523809523809,0.3809523809523809,Bengaluru
1670,0.0,0.0714285714285714,0.0,0.0714285714285714,0.0,0.0,0.0714285714285714,0.0714285714285714,0.35,0.9626190948573676,0.9282934963868814,9,0.3809523809523809,0.3809523809523809,Samalkot
1671,0.0,0.0,0.0,0.0714285714285714,0.0,0.0,0.0,0.0714285714285714,0.4,0.0601337647052,0.9288493607559756,9,0.3809523809523809,0.3809523809523809,Vizag
1672,0.0,0.0,0.0,0.0,0.0,0.0,0.0,0.0,0.45,0.0958905307051893,0.9294052251250694,9,0.4285714285714285,0.4285714285714285,Samalkot
1673,0.0,0.0,0.0,0.0,0.0,0.0,0.0,0.0,0.45,0.4937374354341937,0.9299610894941632,9,0.4285714285714285,0.4285714285714285,Hyderabad
1674,0.0,0.0,0.0,0.0,0.0,0.0,0.0,0.0,0.35,0.1877461862369174,0.9305169538632572,7,0.3333333333333333,0.3333333333333333,Vizag
1675,0.0,0.0,0.0,0.0,0.0,0.0,0.0,0.0,0.4,0.7996422899915832,0.9310728182323512,8,0.3809523809523809,0.3809523809523809,Vijayawada
1676,0.0,0.0714285714285714,0.0,0.0,0.0,0.0,0.0714285714285714,0.0,0.4,0.5825907235628562,0.9316286826014452,9,0.4285714285714285,0.4285714285714285,Vizag
1677,0.0,0.0,0.0,0.0714285714285714,0.0,0.0,0.0,0.0714285714285714,0.4,0.0233692486621173,0.9321845469705392,9,0.3809523809523809,0.3809523809523809,Vizag
1678,0.0,0.0,0.0,0.0,0.0,0.0,0.0,0.0,0.45,0.250362614675405,0.932740411339633,9,0.4285714285714285,0.4285714285714285,Rajahmundry
1679,0.0,0.0,0.0,0.0,0.0,0.0,0.0,0.0,0.45,0.9271316421820242,0.9332962757087272,9,0.4285714285714285,0.4285714285714285,Kakinada
1680,0.0,0.0,0.0,0.0,0.0,0.0,0.0,0.0,0.45,0.7261500612195029,0.933852140077821,9,0.4285714285714285,0.4285714285714285,Samalkot
1681,0.0,0.0,0.0,0.0,0.0,0.0,0.0,0.0,0.45,0.5960304547263573,0.9344080044469149,9,0.4285714285714285,0.4285714285714285,Bengaluru
1682,0.0,0.0,0.0,0.0,0.0,0.0,0.0,0.0,0.45,0.8909890916085381,0.9349638688160088,9,0.4285714285714285,0.4285714285714285,Kakinada
1683,0.0,0.0,0.0,0.0,0.0,0.0,0.0,0.0,0.45,0.5444454837571806,0.9355197331851028,9,0.4285714285714285,0.4285714285714285,Rajahmundry
1684,0.0,0.0,0.0,0.0,0.0,0.0,0.0,0.0,0.4,0.6098374059913441,0.9360755975541968,8,0.3809523809523809,0.3809523809523809,Vijayawada
1685,0.0,0.0,0.0,0.0,0.0,0.0,0.0,0.0,0.4,0.5628273413290013,0.9366314619232904,8,0.3809523809523809,0.3809523809523809,Bengaluru
1686,0.0,0.0714285714285714,0.0,0.0,0.0,0.0,0.0714285714285714,0.0,0.4,0.1111911363455306,0.9371873262923848,9,0.4285714285714285,0.4285714285714285,Samalkot
1687,0.0,0.0,0.0,0.0714285714285714,0.0,0.0,0.0,0.0714285714285714,0.4,0.5574687703738079,0.9377431906614784,9,0.3809523809523809,0.3809523809523809,Rajahmundry
1688,0.0,0.1428571428571428,0.0,0.0,0.0,0.0,0.1428571428571428,0.0,0.45,0.2435225600733441,0.9382990550305724,11,0.5238095238095237,0.5238095238095237,Hyderabad
1689,0.0,0.0,0.0,0.1428571428571428,0.0,0.0,0.0,0.1428571428571428,0.4,0.305370171827463,0.9388549193996664,10,0.3809523809523809,0.3809523809523809,Rajahmundry
1690,0.0,0.0,0.0,0.0,0.0,0.0,0.0,0.0,0.45,0.6990005030287327,0.9394107837687604,9,0.4285714285714285,0.4285714285714285,Vijayawada
1691,0.0,0.0714285714285714,0.0,0.0,0.0,0.0,0.0714285714285714,0.0,0.45,0.3116509922499113,0.9399666481378544,10,0.4761904761904761,0.4761904761904761,Vizag
1692,0.0,0.0,0.0,0.0714285714285714,0.0,0.0,0.0,0.0714285714285714,0.45,0.4819098911262298,0.9405225125069484,10,0.4285714285714285,0.4285714285714285,Kakinada
1693,0.0,0.0,0.0,0.0,0.0,0.0,0.0,0.0,0.5,0.3999318022711415,0.941078376876042,10,0.4761904761904761,0.4761904761904761,Vizag
1694,0.0,0.0,0.0,0.0,0.0,0.0,0.0,0.0,0.5,0.253595646928149,0.9416342412451362,10,0.4761904761904761,0.4761904761904761,Rajahmundry
1695,0.0,0.0,0.0,0.0,0.0,0.0,0.0,0.0,0.5,0.7897302274877147,0.94219010561423,10,0.4761904761904761,0.4761904761904761,Vijayawada
1696,0.0,0.0,0.0,0.0,0.0,0.0,0.0,0.0,0.5,0.9201650448791296,0.942745969983324,10,0.4761904761904761,0.4761904761904761,Bengaluru
1697,0.0,0.0,0.0,0.0,0.0,0.0,0.0,0.0,0.5,0.1286857666392977,0.943301834352418,10,0.4761904761904761,0.4761904761904761,Bengaluru
1698,0.0,0.0714285714285714,0.0,0.0,0.0,0.0,0.0714285714285714,0.0,0.5,0.3573011670189934,0.943857698721512,11,0.5238095238095237,0.5238095238095237,Bengaluru
1699,0.0,0.0,0.0,0.0714285714285714,0.0,0.0,0.0,0.0714285714285714,0.5,0.8859764218893185,0.944413563090606,11,0.4761904761904761,0.4761904761904761,Vizag
1700,0.0,0.0,0.0,0.0,0.0,0.0,0.0,0.0,0.55,0.0456284946161562,0.9449694274596996,11,0.5238095238095237,0.5238095238095237,Samalkot
1701,0.0,0.0,0.0,0.0,0.0,0.0,0.0,0.0,0.55,0.796919721978079,0.945525291828794,11,0.5238095238095237,0.5238095238095237,Kakinada
1702,0.0,0.0,0.0,0.0,0.0,0.0,0.0,0.0,0.55,0.6048707549494139,0.9460811561978876,11,0.5238095238095237,0.5238095238095237,Samalkot
1703,0.0,0.0714285714285714,0.0,0.0,0.0,0.0,0.0714285714285714,0.0,0.55,0.224258302983904,0.9466370205669816,12,0.5714285714285714,0.5714285714285713,Bengaluru
1704,0.0,0.0,0.0,0.0714285714285714,0.0,0.0,0.0,0.0714285714285714,0.55,0.3659496171466865,0.9471928849360756,12,0.5238095238095237,0.5238095238095237,Hyderabad
1705,0.0,0.0,0.0,0.0,0.0,0.0,0.0,0.0,0.6000000000000001,0.6308841321573735,0.9477487493051696,12,0.5714285714285714,0.5714285714285713,Samalkot
1706,0.0,0.0,0.0,0.0,0.0,0.0,0.0,0.0,0.6000000000000001,0.034856018213577,0.9483046136742634,12,0.5714285714285714,0.5714285714285713,Vijayawada
1707,0.0,0.0,0.0,0.0,0.0,0.0,0.0,0.0,0.6000000000000001,0.9544173203618258,0.9488604780433574,12,0.5714285714285714,0.5714285714285713,Bengaluru
1708,0.0,0.0714285714285714,0.0,0.0,0.0,0.0,0.0714285714285714,0.0,0.6000000000000001,0.5858331143556603,0.9494163424124512,13,0.6190476190476191,0.619047619047619,Kakinada
1709,0.0,0.0,0.0,0.0714285714285714,0.0,0.0,0.0,0.0714285714285714,0.6000000000000001,0.5625885613782593,0.9499722067815454,13,0.5714285714285714,0.5714285714285713,Vizag
1710,0.0,0.0,0.0,0.0,0.0,0.0,0.0,0.0,0.65,0.6270685932155735,0.9505280711506392,13,0.6190476190476191,0.619047619047619,Samalkot
1711,0.0,0.0,0.0,0.0,0.0,0.0,0.0,0.0,0.65,0.8819059765139123,0.9510839355197332,13,0.6190476190476191,0.619047619047619,Hyderabad
1712,0.0,0.0,0.0,0.0,0.0,0.0,0.0,0.0,0.65,0.1512457964302194,0.9516397998888272,13,0.6190476190476191,0.619047619047619,Hyderabad
1713,0.0,0.0,0.0,0.0,0.0,0.0,0.0,0.0,0.65,0.4493601109004943,0.9521956642579212,13,0.6190476190476191,0.619047619047619,Samalkot
1714,0.0,0.0,0.0,0.0,0.0,0.0,0.0,0.0,0.6000000000000001,0.4856780023406961,0.952751528627015,12,0.5714285714285714,0.5714285714285713,Rajahmundry
1715,0.0,0.0,0.0,0.0,0.0,0.0,0.0,0.0,0.6000000000000001,0.3226579784962329,0.9533073929961088,12,0.5714285714285714,0.5714285714285713,Vizag
1716,0.0,0.0714285714285714,0.0,0.0,0.0,0.0,0.0714285714285714,0.0,0.55,0.2292470420289611,0.9538632573652028,12,0.5714285714285714,0.5714285714285713,Samalkot
1717,0.0,0.0,0.0,0.0714285714285714,0.0,0.0,0.0,0.0714285714285714,0.6000000000000001,0.3818441823297129,0.9544191217342968,13,0.5714285714285714,0.5714285714285713,Hyderabad
1718,0.0,0.0,0.0,0.0,0.0,0.0,0.0,0.0,0.65,0.7583863640751574,0.9549749861033908,13,0.6190476190476191,0.619047619047619,Vijayawada
1719,0.0,0.0,0.0,0.0,0.0,0.0,0.0,0.0,0.65,0.9034142716196868,0.9555308504724846,13,0.6190476190476191,0.619047619047619,Vizag
1720,0.0,0.0,0.0,0.0,0.0,0.0,0.0,0.0,0.65,0.1442510341174447,0.9560867148415788,13,0.6190476190476191,0.619047619047619,Samalkot
1721,0.0,0.0,0.0,0.0,0.0,0.0,0.0,0.0,0.65,0.8426941527349505,0.9566425792106726,13,0.6190476190476191,0.619047619047619,Bengaluru
1722,0.0,0.0,0.0,0.0,0.0,0.0,0.0,0.0,0.65,0.7880733001774103,0.9571984435797664,13,0.6190476190476191,0.619047619047619,Samalkot
1723,0.0,0.0714285714285714,0.0,0.0,0.0,0.0,0.0714285714285714,0.0,0.65,0.3460166301107279,0.9577543079488604,14,0.6666666666666666,0.6666666666666666,Vizag
1724,0.0,0.0,0.0,0.0714285714285714,0.0,0.0,0.0,0.0714285714285714,0.6000000000000001,0.4515762884724879,0.9583101723179543,13,0.5714285714285714,0.5714285714285713,Samalkot
1725,0.0,0.0714285714285714,0.0,0.0,0.0,0.0,0.0714285714285714,0.0,0.65,0.334191591357059,0.9588660366870484,14,0.6666666666666666,0.6666666666666666,Rajahmundry
1726,0.0,0.0,0.0,0.0714285714285714,0.0,0.0,0.0,0.0714285714285714,0.65,0.4551051957452097,0.9594219010561422,14,0.6190476190476191,0.619047619047619,Hyderabad
1727,0.0,0.0,0.0,0.0,0.0,0.0,0.0,0.0,0.7000000000000001,0.7857903789462393,0.9599777654252362,14,0.6666666666666666,0.6666666666666666,Vijayawada
1728,0.0,0.0,0.0,0.0,0.0,0.0,0.0,0.0,0.7000000000000001,0.839635106182784,0.9605336297943302,14,0.6666666666666666,0.6666666666666666,Vijayawada
1729,0.0,0.0,0.0,0.0,0.0,0.0,0.0,0.0,0.7000000000000001,0.9828927338360776,0.9610894941634242,14,0.6666666666666666,0.6666666666666666,Bengaluru
1730,0.0,0.0,0.0,0.0,0.0,0.0,0.0,0.0,0.7000000000000001,0.4959253837572357,0.961645358532518,14,0.6666666666666666,0.6666666666666666,Vizag
1731,0.0,0.0,0.0,0.0,0.0,0.0,0.0,0.0,0.7000000000000001,0.8232295729856614,0.962201222901612,14,0.6666666666666666,0.6666666666666666,Hyderabad
1732,0.0,0.0,0.0,0.0,0.0,0.0,0.0,0.0,0.7000000000000001,0.9380664565310312,0.962757087270706,14,0.6666666666666666,0.6666666666666666,Bengaluru
1733,0.0,0.0,0.0,0.0,0.0,0.0,0.0,0.0,0.7000000000000001,0.2618567637254616,0.9633129516398,14,0.6666666666666666,0.6666666666666666,Rajahmundry
1734,0.0,0.0,0.0,0.0,0.0,0.0,0.0,0.0,0.65,0.8946782847824102,0.9638688160088936,13,0.6190476190476191,0.619047619047619,Bengaluru
1735,0.0,0.0,0.0,0.0,0.0,0.0,0.0,0.0,0.7000000000000001,0.6229892311143768,0.9644246803779878,14,0.6666666666666666,0.6666666666666666,Vizag
1736,0.0,0.0714285714285714,0.0,0.0,0.0,0.0,0.0714285714285714,0.0,0.7000000000000001,0.1238157800984649,0.9649805447470816,15,0.7142857142857142,0.7142857142857142,Hyderabad
1737,0.0,0.0,0.0,0.0714285714285714,0.0,0.0,0.0,0.0714285714285714,0.7000000000000001,0.1091736940807701,0.9655364091161756,15,0.6666666666666666,0.6666666666666666,Bengaluru
1738,0.0,0.0,0.0,0.0,0.0,0.0,0.0,0.0,0.7000000000000001,0.4469735139068223,0.9660922734852696,14,0.6666666666666666,0.6666666666666666,Vijayawada
1739,0.0,0.0,0.0,0.0,0.0,0.0,0.0,0.0,0.65,0.5926337772756316,0.9666481378543637,13,0.6190476190476191,0.619047619047619,Kakinada
1740,0.0,0.0,0.0,0.0,0.0,0.0,0.0,0.0,0.65,0.617894927283184,0.9672040022234576,13,0.6190476190476191,0.619047619047619,Kakinada
1741,0.0,0.0,0.0,0.0,0.0,0.0,0.0,0.0,0.65,0.4534171328208813,0.9677598665925514,13,0.6190476190476191,0.619047619047619,Kakinada
1742,0.0,0.0,0.0,0.0,0.0,0.0,0.0,0.0,0.65,0.2394183837021755,0.9683157309616452,13,0.6190476190476191,0.619047619047619,Bengaluru
1743,0.0,0.0,0.0,0.0,0.0,0.0,0.0,0.0,0.65,0.7364877316121825,0.9688715953307392,13,0.6190476190476191,0.619047619047619,Bengaluru
1744,0.0,0.0714285714285714,0.0,0.0,0.0,0.0,0.0714285714285714,0.0,0.65,0.2906254223553572,0.9694274596998332,14,0.6666666666666666,0.6666666666666666,Kakinada
1745,0.0,0.0,0.0,0.0714285714285714,0.0,0.0,0.0,0.0714285714285714,0.6000000000000001,0.0969627573134548,0.969983324068927,13,0.5714285714285714,0.5714285714285713,Hyderabad
1746,0.0,0.0,0.0,0.0,0.0,0.0,0.0,0.0,0.65,0.8518712088703357,0.9705391884380212,13,0.6190476190476191,0.619047619047619,Vizag
1747,0.0,0.0,0.0,0.0,0.0,0.0,0.0,0.0,0.65,0.0215892172232048,0.971095052807115,13,0.6190476190476191,0.619047619047619,Rajahmundry
1748,0.0,0.0714285714285714,0.0,0.0,0.0,0.0,0.0714285714285714,0.0,0.65,0.2647477503335185,0.971650917176209,14,0.6666666666666666,0.6666666666666666,Hyderabad
1749,0.0,0.0,0.0,0.0714285714285714,0.0,0.0,0.0,0.0714285714285714,0.65,0.4997535032663114,0.9722067815453028,14,0.6190476190476191,0.619047619047619,Rajahmundry
1750,0.0,0.0,0.0,0.0,0.0,0.0,0.0,0.0,0.7000000000000001,0.7002825362116569,0.9727626459143968,14,0.6666666666666666,0.6666666666666666,Kakinada
1751,0.0,0.0,0.0,0.0,0.0,0.0,0.0,0.0,0.7000000000000001,0.7133696610121099,0.9733185102834908,14,0.6666666666666666,0.6666666666666666,Hyderabad
1752,0.0,0.0,0.0,0.0,0.0,0.0,0.0,0.0,0.7000000000000001,0.082565588123753,0.9738743746525848,14,0.6666666666666666,0.6666666666666666,Samalkot
1753,0.0,0.0,0.0,0.0,0.0,0.0,0.0,0.0,0.7000000000000001,0.6886925060017581,0.9744302390216788,14,0.6666666666666666,0.6666666666666666,Bengaluru
1754,0.0,0.0,0.0,0.0,0.0,0.0,0.0,0.0,0.7000000000000001,0.670116368099986,0.9749861033907726,14,0.6666666666666666,0.6666666666666666,Vizag
1755,0.0,0.0714285714285714,0.0,0.0,0.0,0.0,0.0714285714285714,0.0,0.7000000000000001,0.6749230218779447,0.9755419677598666,15,0.7142857142857142,0.7142857142857142,Bengaluru
1756,0.0,0.0,0.0,0.0714285714285714,0.0,0.0,0.0,0.0714285714285714,0.7000000000000001,0.9391168706363606,0.9760978321289604,15,0.6666666666666666,0.6666666666666666,Hyderabad
1757,0.0,0.0,0.0,0.0,0.0,0.0,0.0,0.0,0.7000000000000001,0.5304828550422744,0.9766536964980544,14,0.6666666666666666,0.6666666666666666,Vizag
1758,0.0,0.0,1.0,0.0,1.0,0.0,0.0,0.0,0.65,0.1356932649203486,0.9772095608671484,14,0.6190476190476191,0.619047619047619,Rajahmundry
1759,0.0,0.0,0.0,0.0,0.0,0.0,0.0,0.0,0.65,0.5966927573392229,0.9777654252362424,13,0.6190476190476191,0.619047619047619,Rajahmundry
1760,0.0,0.1428571428571428,0.0,0.0,0.0,0.0,0.1428571428571428,0.0,0.65,0.7506767958011904,0.9783212896053362,15,0.7142857142857142,0.7142857142857142,Bengaluru
1761,0.0,0.0,0.0,0.1428571428571428,0.0,0.0,0.0,0.1428571428571428,0.65,0.820241648645029,0.9788771539744304,15,0.6190476190476191,0.619047619047619,Rajahmundry
1762,0.0,0.0714285714285714,0.0,0.0,0.0,0.0,0.0714285714285714,0.0,0.75,0.0020600620131983,0.979433018343524,16,0.7619047619047619,0.7619047619047619,Bengaluru
1763,0.0,0.0,0.0,0.0714285714285714,0.0,0.0,0.0,0.0714285714285714,0.75,0.1558636071740258,0.979988882712618,16,0.7142857142857142,0.7142857142857142,Vizag
1764,0.0,0.0,0.0,0.0,0.0,0.0,0.0,0.0,0.8,0.5798293409930049,0.980544747081712,16,0.7619047619047619,0.7619047619047619,Bengaluru
1765,0.0,0.0,0.0,0.0,0.0,0.0,0.0,0.0,0.8,0.7705264349944849,0.981100611450806,16,0.7619047619047619,0.7619047619047619,Vijayawada
1766,0.0,0.0,0.0,0.0,0.0,0.0,0.0,0.0,0.8,0.7554264112776052,0.9816564758199,16,0.7619047619047619,0.7619047619047619,Bengaluru
1767,0.0,0.0,0.0,0.0,0.0,0.0,0.0,0.0,0.8,0.7557743252651858,0.9822123401889938,16,0.7619047619047619,0.7619047619047619,Rajahmundry
1768,0.0,0.0714285714285714,0.0,0.0,0.0,0.0,0.0714285714285714,0.0,0.8,0.0862096045741709,0.9827682045580878,17,0.8095238095238095,0.8095238095238094,Rajahmundry
1769,0.0,0.0,0.0,0.0714285714285714,0.0,0.0,0.0,0.0714285714285714,0.8,0.7811706150149647,0.9833240689271818,17,0.7619047619047619,0.7619047619047619,Samalkot
1770,0.0,0.0,0.0,0.0,0.0,0.0,0.0,0.0,0.8500000000000001,0.7796135340454728,0.9838799332962757,17,0.8095238095238095,0.8095238095238094,Hyderabad
1771,0.0,0.0,0.0,0.0,0.0,0.0,0.0,0.0,0.8500000000000001,0.974250736986658,0.9844357976653696,17,0.8095238095238095,0.8095238095238094,Rajahmundry
1772,0.0,0.0,0.0,0.0,0.0,0.0,0.0,0.0,0.8,0.7997949507736846,0.9849916620344636,16,0.7619047619047619,0.7619047619047619,Kakinada
1773,0.0,0.0,0.0,0.0,0.0,0.0,0.0,0.0,0.8,0.1356823157482718,0.9855475264035576,16,0.7619047619047619,0.7619047619047619,Hyderabad
1774,0.0,0.0,0.0,0.0,0.0,0.0,0.0,0.0,0.8,0.2166641835561853,0.9861033907726514,16,0.7619047619047619,0.7619047619047619,Hyderabad
1775,0.0,0.0,0.0,0.0,0.0,0.0,0.0,0.0,0.8,0.819263169193158,0.9866592551417452,16,0.7619047619047619,0.7619047619047619,Kakinada
1776,0.0,0.0,0.0,0.0,0.0,0.0,0.0,0.0,0.75,0.6854600627550553,0.9872151195108394,15,0.7142857142857142,0.7142857142857142,Rajahmundry
1777,0.0,0.0714285714285714,0.0,0.0,0.0,0.0,0.0714285714285714,0.0,0.75,0.5170376211272609,0.9877709838799332,16,0.7619047619047619,0.7619047619047619,Bengaluru
1778,0.0,0.0,0.0,0.0714285714285714,0.0,0.0,0.0,0.0714285714285714,0.75,0.2025613918685465,0.9883268482490272,16,0.7142857142857142,0.7142857142857142,Vijayawada
1779,0.0,0.0,0.0,0.0,0.0,0.0,0.0,0.0,0.75,0.6129688799307866,0.9888827126181212,15,0.7142857142857142,0.7142857142857142,Vijayawada
1780,0.0,0.0,0.0,0.0,0.0,0.0,0.0,0.0,0.75,0.7275429531869075,0.9894385769872152,15,0.7142857142857142,0.7142857142857142,Vizag
1781,0.0,0.0714285714285714,0.0,0.0,0.0,0.0,0.0714285714285714,0.0,0.75,0.9134579015490492,0.9899944413563092,16,0.7619047619047619,0.7619047619047619,Rajahmundry
1782,0.0,0.0,0.0,0.0714285714285714,0.0,0.0,0.0,0.0714285714285714,0.75,0.4396704376509375,0.9905503057254028,16,0.7142857142857142,0.7142857142857142,Vizag
1783,0.0,0.0,0.0,0.0,0.0,0.0,0.0,0.0,0.8,0.9032618555557632,0.9911061700944968,16,0.7619047619047619,0.7619047619047619,Bengaluru
1784,0.0,0.0,0.0,0.0,0.0,0.0,0.0,0.0,0.8,0.2197603037900433,0.9916620344635908,16,0.7619047619047619,0.7619047619047619,Hyderabad
1785,0.0,0.0,0.0,0.0,0.0,0.0,0.0,0.0,0.8,0.716148004206357,0.9922178988326849,16,0.7619047619047619,0.7619047619047619,Hyderabad
1786,0.0,0.0714285714285714,0.0,0.0,0.0,0.0,0.0714285714285714,0.0,0.8,0.2468841857034061,0.9927737632017788,17,0.8095238095238095,0.8095238095238094,Vizag
1787,0.0,0.0,0.0,0.0714285714285714,0.0,0.0,0.0,0.0714285714285714,0.8,0.9628299115939228,0.9933296275708726,17,0.7619047619047619,0.7619047619047619,Samalkot
1788,0.0,0.0,0.0,0.0,0.0,0.0,0.0,0.0,0.8500000000000001,0.4620980278845117,0.9938854919399668,17,0.8095238095238095,0.8095238095238094,Kakinada
1789,0.0,0.0,0.0,0.0,0.0,0.0,0.0,0.0,0.8500000000000001,0.3922171776674192,0.9944413563090606,17,0.8095238095238095,0.8095238095238094,Vizag
1790,0.0,0.0,0.0,0.0,0.0,0.0,0.0,0.0,0.8,0.3293912197638666,0.9949972206781544,16,0.7619047619047619,0.7619047619047619,Samalkot
1791,0.0,0.0714285714285714,0.0,0.0,0.0,0.0,0.0714285714285714,0.0,0.8,0.7169900415124035,0.9955530850472484,17,0.8095238095238095,0.8095238095238094,Kakinada
1792,0.0,0.0,0.0,0.0714285714285714,0.0,0.0,0.0,0.0714285714285714,0.8,0.0119926618252232,0.9961089494163424,17,0.7619047619047619,0.7619047619047619,Hyderabad
1793,0.0,0.0,0.0,0.0,0.0,0.0,0.0,0.0,0.8500000000000001,0.8748150819972125,0.9966648137854364,17,0.8095238095238095,0.8095238095238094,Vizag
1794,0.0,0.0,0.0,0.0,0.0,0.0,0.0,0.0,0.8500000000000001,0.1883301968208952,0.9972206781545302,17,0.8095238095238095,0.8095238095238094,Hyderabad
1795,0.0,0.0,0.0,0.0,0.0,0.0,0.0,0.0,0.8500000000000001,0.2879643066251154,0.9977765425236242,17,0.8095238095238095,0.8095238095238094,Vijayawada
1796,0.0,0.0,0.0,0.0,0.0,0.0,0.0,0.0,0.8500000000000001,0.177682488796834,0.9983324068927182,17,0.8095238095238095,0.8095238095238094,Bengaluru
1797,0.0,0.0,0.0,0.0,0.0,0.0,0.0,0.0,0.8500000000000001,0.3369183713385038,0.998888271261812,17,0.8095238095238095,0.8095238095238094,Kakinada
1798,0.0,0.0714285714285714,0.0,0.0,0.0,0.0,0.0714285714285714,0.0,0.8500000000000001,0.8899791356726017,0.999444135630906,18,0.8571428571428571,0.857142857142857,Rajahmundry
1799,0.0,0.0714285714285714,0.0,0.0714285714285714,0.0,0.0,0.0714285714285714,0.0714285714285714,0.8500000000000001,0.3831769200585346,1.0,19,0.8571428571428571,0.857142857142857,Samalkot
